/*
 Navicat Premium Data Transfer

 Source Server         : sonar
 Source Server Type    : MySQL
 Source Server Version : 80036
 Source Host           : localhost:3306
 Source Schema         : lbsdata

 Target Server Type    : MySQL
 Target Server Version : 80036
 File Encoding         : 65001

 Date: 19/05/2024 11:07:20
*/

SET NAMES utf8mb4;
SET FOREIGN_KEY_CHECKS = 0;

-- ----------------------------
-- Table structure for comment
-- ----------------------------
DROP TABLE IF EXISTS `comment`;
CREATE TABLE `comment`  (
  `id` int(0) NOT NULL AUTO_INCREMENT,
  `contain` varchar(300) CHARACTER SET utf8mb4 COLLATE utf8mb4_0900_ai_ci NULL DEFAULT NULL,
  `userid` int(0) NULL DEFAULT NULL,
  `imageid` int(0) NULL DEFAULT NULL,
  PRIMARY KEY (`id`) USING BTREE
) ENGINE = InnoDB AUTO_INCREMENT = 36 CHARACTER SET = utf8mb4 COLLATE = utf8mb4_0900_ai_ci ROW_FORMAT = Dynamic;

-- ----------------------------
-- Records of comment
-- ----------------------------
INSERT INTO `comment` VALUES (6, 'shabby', 8, 41);
INSERT INTO `comment` VALUES (8, '我老婆！！！', 6, 43);
INSERT INTO `comment` VALUES (11, '姑姑！协斗的神！', 7, 46);
INSERT INTO `comment` VALUES (12, 'my presure', 2, 47);
INSERT INTO `comment` VALUES (16, '最喜欢玩崩铁了', 8, 48);
INSERT INTO `comment` VALUES (18, '逆天', 7, 48);
INSERT INTO `comment` VALUES (21, '小三月~', 8, 49);
INSERT INTO `comment` VALUES (25, '哈哈哈', 8, 48);
INSERT INTO `comment` VALUES (26, '好好好！', 8, 46);
INSERT INTO `comment` VALUES (28, '差不多得了', 7, 43);
INSERT INTO `comment` VALUES (32, '呃呃呃', 7, 46);
INSERT INTO `comment` VALUES (34, 's', 7, 51);
INSERT INTO `comment` VALUES (35, '武大的樱花在全国都非常有名，现在要看樱花就必须得预约，也挺方便的。武大的樱花美是其一个方面，武大整个学校的人文气息，更加的让人神往。80年代未我在这看来看樱花的人，而现在我也成了来看樱花大军中的一员。在武大呆过的那段时光，是我人生中感觉最惬意的过往，特别喜欢大风天里樱花花瓣飘满天，也深爱大雨过后铺满樱花花瓣的樱花大道。而时光如梭，予已过天命之年数载，华发已生，惟怀往昔!!', 9, 52);
INSERT INTO `comment` VALUES (36, '说起樱花，全国看花城市很多，可今年武汉接住这波热度，樱花季有备而来，都在很认真宣传城市。有了汉马和宇辉同行双重引流，大批人群来到武汉，开年的旅游之势武汉接住了。作为本士人，我也尽量让行，网红地方咱不去。本以为错开武大盛花期，提前让就读武汉大学伙伴约车开进去，只是想走走校园的路，吃吃武大食堂。', 9, 53);
INSERT INTO `comment` VALUES (37, '每年的3月到4月，武汉大学对外开放赏樱，社会公众可通过武汉大学官方网站、官方微信进行预约。武大校内有樱花1000多株，遍布于樱花大道及鲲鹏广场、人文科学馆、行政大楼等多处。每年3月，粉白的樱花绵延盛放，与飞檐画角、碧瓦琉璃的建筑相映成画，加之百年名校的历史底蕴和人文气息，使这里成为热门的赏樱胜地。', 9, 54);
INSERT INTO `comment` VALUES (38, '被誉为国内最美大学的武大，虽然现在已经不是樱花季，但是游客依旧络绎不绝。\n五一期间免预约，直接刷身份证进入。武大面积挺大，樱花大道旁的樱花城堡真的是让人惊叹，老斋舍，老图书馆现在已经成为国家重点文物，无不透漏着浓郁的历史厚重感。\n现在凌波门附近正在装修，所以建议游玩的人们原路返回就好。\n', 9, 55);
INSERT INTO `comment` VALUES (39, '很大，很漂亮，过年去的，感受高校气息。\n', 9, 56);
INSERT INTO `comment` VALUES (40, '.周末来武大逛一逛，真的再一次感叹武大是又大又漂亮，校园绿化做得很大，植物很多，随便一拍就很好看樱花大道那块的老宿舍楼很有年代感，每天都会有很多外地游客专程来打卡拍照，领略名校风采[比心]。操场上跑道让人一下就回忆起高中跑早操的情形\n', 9, 57);
INSERT INTO `comment` VALUES (41, '信四的菜品种类非常丰富，甜品、蔬菜、水果还有鸡鱼肉蛋应有尽有。不同窗口菜品的味道各具特色。不过，最喜欢的是信四的红烧肉，量足且味鲜。红烧肉肥而不腻，层次丰富，整体偏甜口，其中最底层还有青椒和花菜等蔬菜搭配，配上米饭，简直太美味了!信四的菜和肉整体价格相比于外面的小吃街不算贵，整体的性价比较高。对了，甜品相对来说一般还是比较贵的，买之前可以问一下价格。', 10, 58);
INSERT INTO `comment` VALUES (42, '我要为凌波门举大旗，本来做攻略是准备去看日出的，但是没起得来，到哪里已经出太阳了。那个桥还是要小心点别摔下去了。我们就在那卡卡卡拍照，下面还会有人游泳2,旁边就是武汉大学。很长的一段路我们是打车去的，然后骑路边的护码自行车出来的，在湖边骑自行车真的超级超级舒服。\n', 10, 59);
INSERT INTO `comment` VALUES (43, '学校环境优美，著名森林大学，已经有6年的学校体验经历，绝对可靠值得推荐，学校食堂众多，菜品丰富，不会腻歪，也不会选择困难，随意挑选就是经典，学校老师兢兢业业，学术水平很高\n', 10, 60);
INSERT INTO `comment` VALUES (44, '华中科技大学的玉兰花盛开时，景象极为壮观。满树的玉兰花洁白如雪，花瓣层层叠叠，宛如精致的玉雕。花海中，游客们络绎不绝，纷纷驻足欣赏，拍照留念。镜头下，玉兰花的美丽被完美捕捉，每一张照片都仿佛是一幅精美的画作，令人陶醉。\n', 10, 61);
INSERT INTO `comment` VALUES (45, '我说一个似乎没人提到的点就是华师的性别氛围很好。\n八号楼听起来像鲁迅先生的散文：我们教室外面有两间厕所，一间是女厕所，另一间也是女厕所。', 11, 62);
INSERT INTO `comment` VALUES (46, '华师不是只有九月桂花香的~春日的花一样好看！ 刷身份证就能进校了，当散步溜达溜达还是很不错的。地式不是上坡就是下坡，减肥啊~ 饿了可以去南门吃的喝的都有！逛街出西门就是群光未来城！ 对了还推荐沁春园楼下的面包店，真的好吃不贵馅料十足。嗯哪天要再去买.', 11, 63);
INSERT INTO `comment` VALUES (47, '小猫！', 8, 64);

-- ----------------------------
-- Table structure for detaileddata
-- ----------------------------
DROP TABLE IF EXISTS `detaileddata`;
CREATE TABLE `detaileddata`  (
  `code` varchar(50) CHARACTER SET utf8mb4 COLLATE utf8mb4_0900_ai_ci NOT NULL,
  `name` varchar(255) CHARACTER SET utf8mb4 COLLATE utf8mb4_0900_ai_ci NOT NULL,
  `locate` varchar(255) CHARACTER SET utf8mb4 COLLATE utf8mb4_0900_ai_ci NULL DEFAULT NULL,
  `size` double NULL DEFAULT NULL,
  `protectObject` varchar(255) CHARACTER SET utf8mb4 COLLATE utf8mb4_0900_ai_ci NULL DEFAULT NULL,
  `type` varchar(255) CHARACTER SET utf8mb4 COLLATE utf8mb4_0900_ai_ci NULL DEFAULT NULL,
  `level` varchar(255) CHARACTER SET utf8mb4 COLLATE utf8mb4_0900_ai_ci NULL DEFAULT NULL,
  `settime` varchar(255) CHARACTER SET utf8mb4 COLLATE utf8mb4_0900_ai_ci NULL DEFAULT NULL,
  `department` varchar(255) CHARACTER SET utf8mb4 COLLATE utf8mb4_0900_ai_ci NULL DEFAULT NULL,
  PRIMARY KEY (`code`) USING BTREE
) ENGINE = InnoDB CHARACTER SET = utf8mb4 COLLATE = utf8mb4_0900_ai_ci ROW_FORMAT = Dynamic;

-- ----------------------------
-- Records of detaileddata
-- ----------------------------
INSERT INTO `detaileddata` VALUES ('京01', '百花山', '北京市门头沟区', 21743.1, '温带次生林', '森林生态', '国家级', '19850401', '林业');
INSERT INTO `detaileddata` VALUES ('京13', '松山', '延庆县', 6212.96, '温带森林和野生动植物', '森林生态', '国家级', '19850401', '林业');
INSERT INTO `detaileddata` VALUES ('冀04', '驼梁', '平山县', 21311.9, '森林生态系统', '森林生态', '国家级', '20010331', '林业');
INSERT INTO `detaileddata` VALUES ('冀08', '昌黎黄金海岸', '昌黎县', 33620.5, '海滩及近海生态系统', '海洋海岸', '国家级', '19900930', '海洋');
INSERT INTO `detaileddata` VALUES ('冀09', '柳江盆地地质遗迹', '抚宁县 ', 1395, '标准地质剖面、典型地质构造等地质遗迹', '地质遗迹', '国家级', '19990514', '国土');
INSERT INTO `detaileddata` VALUES ('冀10', '青崖寨', '武安市', 15164, '森林及珍稀野生动植物', '森林生态', '国家级', '20060201', '林业');
INSERT INTO `detaileddata` VALUES ('冀19', '泥河湾', '蔚县、阳原县', 1015, '新生代沉积地层', '地质遗迹', '国家级', '19970218', '国土');
INSERT INTO `detaileddata` VALUES ('冀20', '小五台山', '蔚县、涿鹿县', 21833, '温带森林生态系统及褐马鸡', '森林生态', '国家级', '19831130', '林业');
INSERT INTO `detaileddata` VALUES ('冀21', '大海陀', '赤城县', 12634, '森林生态系统', '森林生态', '国家级', '19990707', '环保');
INSERT INTO `detaileddata` VALUES ('冀23', '河北雾灵山', '兴隆县', 14246.9, '温带森林、猕猴分布北限', '森林生态', '国家级', '19831130', '林业');
INSERT INTO `detaileddata` VALUES ('冀27', '茅荆坝', '隆化县', 40038, '森林生态系统和野生动物', '森林生态', '国家级', '20020529', '林业');
INSERT INTO `detaileddata` VALUES ('冀32', '滦河上游', '围场满族蒙古族自治县', 50637.4, '森林生态系统和野生动物', '森林生态', '国家级', '20020626', '林业');
INSERT INTO `detaileddata` VALUES ('冀33', '塞罕坝', '围场满族蒙古族自治县', 20029.8, '森林生态系统', '森林生态', '国家级', '20021010', '林业');
INSERT INTO `detaileddata` VALUES ('冀34', '围场红松洼', '围场满族蒙古族自治县', 7970, '草原生态系统', '草原草甸', '国家级', '19940815', '环保');
INSERT INTO `detaileddata` VALUES ('冀44', '衡水湖', '衡水市', 16365, '湿地生态系统及鸟类', '内陆湿地', '国家级', '20000701', '林业');
INSERT INTO `detaileddata` VALUES ('吉01', '波罗湖', '农安县', 24915, '湿地生态系统及鹤、鹳类珍稀濒危鸟类', '内陆湿地', '国家级', '20041025', '林业');
INSERT INTO `detaileddata` VALUES ('吉03', '松花江三湖', '吉林市、白山市', 115253.2, '森林及水域生态系统', '森林生态', '国家级', '19820101', '林业');
INSERT INTO `detaileddata` VALUES ('吉08', '四平山门中生代火山', '四平市铁东区', 1062, '中生代白垩纪流纹岩火山地貌', '地质遗迹', '国家级', '20000918', '国土');
INSERT INTO `detaileddata` VALUES ('吉10', '伊通火山群', '伊通满族自治县', 764.8, '基性玄武岩“侵出式”火山地质遗迹和火山', '地质遗迹', '国家级', '19830101', '环保');
INSERT INTO `detaileddata` VALUES ('吉16', '龙湾', '辉南县', 15061, '湿地、森林生态系统及火山湖泊', '内陆湿地', '国家级', '19910820', '林业');
INSERT INTO `detaileddata` VALUES ('吉18', '哈泥', '柳河县', 22230, '以哈泥沼泽为主的湿地生态系统和哈泥河上', '内陆湿地', '国家级', '19911206', '林业');
INSERT INTO `detaileddata` VALUES ('吉21', '集安', '集安市', 13821.6, '典型的针阔混交林生态系统及珍稀濒危动植', '野生植物', '国家级', '19920617', '林业');
INSERT INTO `detaileddata` VALUES ('吉22', '白山原麝', '白山市浑江区、临江市', 21995, '原麝及其栖息地', '野生动物', '国家级', '20061229', '林业');
INSERT INTO `detaileddata` VALUES ('吉27', '靖宇', '靖宇县', 15038, '火山群地质遗迹及火山型天然矿泉群', '地质遗迹', '国家级', '20021129', '国土');
INSERT INTO `detaileddata` VALUES ('吉28', '鸭绿江上游', '长白朝鲜族自治县', 20306, '珍稀冷水性鱼类及其生境', '野生动物', '国家级', '19961001', '农业');
INSERT INTO `detaileddata` VALUES ('吉30', '查干湖', '前郭尔罗斯蒙古族自治', 50684, '湿地生态系统及珍稀鸟类', '内陆湿地', '国家级', '19860802', '水利');
INSERT INTO `detaileddata` VALUES ('吉33', '大布苏', '乾安县', 11000, '地质遗迹、古生物遗迹、湿地生态系统及珍', '地质遗迹', '国家级', '19930312', '国土');
INSERT INTO `detaileddata` VALUES ('吉35', '莫莫格', '镇赉县', 144000, '鹤、鹳类等珍稀水禽及湿地生态系统', '内陆湿地', '国家级', '19810320', '林业');
INSERT INTO `detaileddata` VALUES ('吉37', '向海', '通榆县', 105467, '丹顶鹤等珍稀水禽、蒙古黄榆等稀有动植物', '内陆湿地', '国家级', '19810320', '林业');
INSERT INTO `detaileddata` VALUES ('吉39', '黄泥河', '敦化市', 41583, '北温带森林生态系统及多种珍稀濒危野生动', '森林生态', '国家级', '20000412', '林业');
INSERT INTO `detaileddata` VALUES ('吉41', '雁鸣湖', '敦化市', 53940, '湿地生态系统', '内陆湿地', '国家级', '19911120', '林业');
INSERT INTO `detaileddata` VALUES ('吉42', '珲春东北虎', '珲春市', 108700, '东北虎、豹及其栖息地', '野生动物', '国家级', '20011022', '林业');
INSERT INTO `detaileddata` VALUES ('吉43', '天佛指山', '龙井市', 77317, '松茸、赤松及森林生态系统', '森林生态', '国家级', '19960322', '林业');
INSERT INTO `detaileddata` VALUES ('吉48', '汪清', '汪清县', 67434, '东北红豆杉及针阔混交林生态系统', '森林生态', '国家级', '20021220', '林业');
INSERT INTO `detaileddata` VALUES ('吉50', '长白山', '安图县、抚松县、长白', 196465, '火山地貌景观和森林生态系统', '森林生态', '国家级', '19600418', '林业');
INSERT INTO `detaileddata` VALUES ('宁01', '宁夏贺兰山', '银川市西夏区、永宁县', 193535.7, '森林生态系统、野生动植物资源', '森林生态', '国家级', '19820701', '林业');
INSERT INTO `detaileddata` VALUES ('宁02', '灵武白芨滩', '灵武市', 70921, '天然柠条母树林及沙生植被', '荒漠生态', '国家级', '19850101', '林业');
INSERT INTO `detaileddata` VALUES ('宁04', '宁夏罗山', '吴忠市红寺堡区、同心', 33710, '珍稀野生动植物及森林生态系统', '森林生态', '国家级', '19820701', '林业');
INSERT INTO `detaileddata` VALUES ('宁05', '哈巴湖', '盐池县', 84000, '荒漠生态系统、湿地生态系统及珍稀野生动', '荒漠生态', '国家级', '19980725', '林业');
INSERT INTO `detaileddata` VALUES ('宁07', '云雾山', '固原市原州区', 6660, '黄土高原半干旱区典型草原生态系统', '草原草甸', '国家级', '19820403', '农业');
INSERT INTO `detaileddata` VALUES ('宁09', '火石寨丹霞地貌', '西吉县', 9795, '丹霞地貌地质遗迹及自然人文景观', '地质遗迹', '国家级', '20021216', '国土');
INSERT INTO `detaileddata` VALUES ('宁10', '六盘山', '泾源县、隆德县、固原', 26784, '水源涵养林及野生动物', '森林生态', '国家级', '19820701', '林业');
INSERT INTO `detaileddata` VALUES ('宁12', '沙坡头', '中卫市沙坡头区', 14043.09, '自然沙生植被及人工治沙植被', '荒漠生态', '国家级', '19840901', '环保');
INSERT INTO `detaileddata` VALUES ('宁14', '南华山', '海原县', 20100.5, '山地森林生态系统和山地草原与草甸生态系', '森林生态', '国家级', '19930101', '林业');
INSERT INTO `detaileddata` VALUES ('川01', '长江上游珍稀、特有鱼类', '四川省、贵州省、云南', 31713.8, '珍稀鱼类及河流生态系统', '野生动物', '国家级', '19961001', '农业');
INSERT INTO `detaileddata` VALUES ('川04', '龙溪－虹口', '都江堰市', 31000, '亚热带山地森林生态系统、大熊猫、珙桐等', '森林生态', '国家级', '19930424', '林业');
INSERT INTO `detaileddata` VALUES ('川05', '白水河', '彭州市', 30150, '森林生态系统、大熊猫、金丝猴等珍稀野生', '森林生态', '国家级', '19961231', '林业');
INSERT INTO `detaileddata` VALUES ('川09', '攀枝花苏铁', '攀枝花市西区', 1400, '攀枝花苏铁等珍稀濒危动植物及其生境', '野生植物', '国家级', '19830314', '林业');
INSERT INTO `detaileddata` VALUES ('川108', '若尔盖湿地', '若尔盖县', 166570.6, '高寒沼泽湿地及黑颈鹤等野生动物', '内陆湿地', '国家级', '19941118', '林业');
INSERT INTO `detaileddata` VALUES ('川112', '贡嘎山', '泸定县、康定县、九龙', 400000, '高山森林生态系统及珍稀动物', '森林生态', '国家级', '19960301', '林业');
INSERT INTO `detaileddata` VALUES ('川118', '格西沟', '雅江县', 22896.8, '四川雉鹑、绿尾虹雉以及大紫胸鹦鹉等珍稀', '野生动物', '国家级', '19951108', '林业');
INSERT INTO `detaileddata` VALUES ('川138', '察青松多白唇鹿', '白玉县', 143682.6, '白唇鹿、雪豹等野生动物', '野生动物', '国家级', '19951108', '林业');
INSERT INTO `detaileddata` VALUES ('川141', '长沙贡玛', '石渠县', 669800, '高寒湿地生态系统和藏野驴、雪豹、野牦牛', '野生动物', '国家级', '19951108', '林业');
INSERT INTO `detaileddata` VALUES ('川146', '海子山', '理塘县、稻城县', 459161, '高寒湿地生态系统及白唇鹿、马麝、藏马鸡', '内陆湿地', '国家级', '19951108', '林业');
INSERT INTO `detaileddata` VALUES ('川153', '亚丁', '稻城县', 145750, '森林生态系统、野生动植物、冰川', '森林生态', '国家级', '19960320', '环保');
INSERT INTO `detaileddata` VALUES ('川16', '画稿溪', '叙永县', 23827, '桫椤等珍稀植物及地质遗迹', '野生植物', '国家级', '19980112', '环保');
INSERT INTO `detaileddata` VALUES ('川167', '美姑大风顶', '美姑县', 50655, '大熊猫等珍稀野生动物及森林生态系统', '野生动物', '国家级', '19781215', '林业');
INSERT INTO `detaileddata` VALUES ('川26', '千佛山', '安县、北川羌族自治县', 11083, '大熊猫、川金丝猴等珍稀野生动物及其栖息', '野生动物', '国家级', '19930828', '林业');
INSERT INTO `detaileddata` VALUES ('川28', '小寨子沟', '北川羌族自治县', 44384.7, '大熊猫、扭角羚及森林生态系统', '野生动物', '国家级', '19790501', '林业');
INSERT INTO `detaileddata` VALUES ('川30', '王朗', '平武县', 32297, '大熊猫、金丝猴等珍稀动物及森林生态系统', '野生动物', '国家级', '19630402', '林业');
INSERT INTO `detaileddata` VALUES ('川31', '雪宝顶', '平武县', 63615, '大熊猫、川金丝猴、扭角羚及其生境', '野生动物', '国家级', '19930828', '林业');
INSERT INTO `detaileddata` VALUES ('川37', '米仓山', '旺苍县', 23400, '森林及野生动物', '森林生态', '国家级', '19990106', '林业');
INSERT INTO `detaileddata` VALUES ('川41', '唐家河', '青川县', 40000, '大熊猫等珍稀野生动物及森林生态系统', '野生动物', '国家级', '19781215', '林业');
INSERT INTO `detaileddata` VALUES ('川53', '黑竹沟', '峨边彝族自治县', 29643, '水源涵养林', '森林生态', '国家级', '19970101', '林业');
INSERT INTO `detaileddata` VALUES ('川54', '马边大风顶', '马边彝族自治县', 30164, '大熊猫等珍稀野生动物及森林生态系统', '野生动物', '国家级', '19781215', '林业');
INSERT INTO `detaileddata` VALUES ('川60', '长宁竹海', '长宁县', 28719, '竹类生态系统', '森林生态', '国家级', '19961001', '环保');
INSERT INTO `detaileddata` VALUES ('川62', '老君山', '屏山县', 3500, '四川山鹧鸪及森林生态系统', '野生动物', '国家级', '20000229', '林业');
INSERT INTO `detaileddata` VALUES ('川66', '花萼山', '万源市', 48203.39, '森林生态系统及野生动物', '森林生态', '国家级', '19960101', '环保');
INSERT INTO `detaileddata` VALUES ('川70', '栗子坪', '石棉县', 47940, '大熊猫、红豆杉、连香树等珍稀野生动植物', '野生动物', '国家级', '20010924', '林业');
INSERT INTO `detaileddata` VALUES ('川74', '蜂桶寨', '宝兴县', 39039, '大熊猫等珍稀野生动物及森林生态系统', '野生动物', '国家级', '19750320', '林业');
INSERT INTO `detaileddata` VALUES ('川76', '诺水河珍稀水生动物', '通江县', 9220, '大鲵及其生境', '野生动物', '国家级', '19980110', '农业');
INSERT INTO `detaileddata` VALUES ('川87', '卧龙', '汶川县', 200000, '大熊猫等珍稀野生动物及森林生态系统', '野生动物', '国家级', '19630402', '林业');
INSERT INTO `detaileddata` VALUES ('川95', '九寨沟', '九寨沟县', 64297, '大熊猫等珍稀野生动物及森林生态系统', '野生动物', '国家级', '19781215', '林业');
INSERT INTO `detaileddata` VALUES ('川98', '小金四姑娘山', '小金县', 56000, '野生动物及高山生态系统', '野生动物', '国家级', '19950301', '环保');
INSERT INTO `detaileddata` VALUES ('新05', '艾比湖湿地', '精河县、博乐市、阿拉', 267085, '湿地及珍稀野生动植物', '内陆湿地', '国家级', '20000616', '林业');
INSERT INTO `detaileddata` VALUES ('新07', '罗布泊野骆驼', '若羌县、哈密市、吐鲁', 6120000, '野骆驼及其生境', '野生动物', '国家级', '19860909', '环保');
INSERT INTO `detaileddata` VALUES ('新08', '塔里木胡杨', '尉犁县、轮台县', 395420, '胡杨、灰杨林', '荒漠生态', '国家级', '19831008', '林业');
INSERT INTO `detaileddata` VALUES ('新09', '阿尔金山', '若羌县、且末县', 4500000, '有蹄类野生动物及高原生态系统', '荒漠生态', '国家级', '19830516', '环保');
INSERT INTO `detaileddata` VALUES ('新11', '巴音布鲁克', '和静县', 100000, '天鹅等珍稀水禽、沼泽湿地', '野生动物', '国家级', '19800609', '林业');
INSERT INTO `detaileddata` VALUES ('新12', '托木尔峰', '温宿县', 380480, '高山冰川生态系统、森林生态系统及雪豹、', '森林生态', '国家级', '19800609', '林业');
INSERT INTO `detaileddata` VALUES ('新19', '西天山', '巩留县', 31217, '雪岭云杉林', '森林生态', '国家级', '19831008', '林业');
INSERT INTO `detaileddata` VALUES ('新21', '甘家湖梭梭林', '乌苏市、精河县', 54667, '梭梭林及其生境', '荒漠生态', '国家级', '19830924', '林业');
INSERT INTO `detaileddata` VALUES ('新22', '巴尔鲁克山', '裕民县、托里县', 115037.3, '雪岭云杉林、新疆野苹果林、野巴旦杏林以', '森林生态', '国家级', '19800401', '林业');
INSERT INTO `detaileddata` VALUES ('新24', '哈纳斯', '布尔津县', 220162, '森林生态系统及自然景观', '森林生态', '国家级', '19800609', '林业');
INSERT INTO `detaileddata` VALUES ('新28', '布尔根河狸', '青河县', 5000, '蒙新河狸及其生境', '野生动物', '国家级', '19800609', '林业');
INSERT INTO `detaileddata` VALUES ('晋12', '灵空山', '沁源县、古县', 10116.8, '油松林和辽东栎林等暖温带落叶阔叶林生态', '森林生态', '国家级', '19930120', '林业');
INSERT INTO `detaileddata` VALUES ('晋14', '阳城莽河猕猴', '阳城县', 5600, '猕猴等珍稀野生动植物', '野生动物', '国家级', '19831226', '林业');
INSERT INTO `detaileddata` VALUES ('晋29', '历山', '垣曲县、沁水县、翼城', 24800, '森林植被及金钱豹、金雕等野生动物', '森林生态', '国家级', '19831226', '林业');
INSERT INTO `detaileddata` VALUES ('晋34', '芦芽山', '宁武县、岢岚县、五寨', 21453, '褐马鸡及华北落叶松、云杉次生林', '野生动物', '国家级', '19801218', '林业');
INSERT INTO `detaileddata` VALUES ('晋40', '五鹿山', '蒲县、隰县', 20617.3, '褐马鸡及其生境', '野生动物', '国家级', '19930120', '林业');
INSERT INTO `detaileddata` VALUES ('晋43', '庞泉沟', '交城县、方山县', 10466, '褐马鸡及华北落叶松、云杉等森林生态系统', '野生动物', '国家级', '19801218', '林业');
INSERT INTO `detaileddata` VALUES ('晋44', '黑茶山', '兴县', 24415.4, '森林生态系统及褐马鸡', '森林生态', '国家级', '20020620', '林业');
INSERT INTO `detaileddata` VALUES ('桂02', '大明山', '武鸣县、马山县、上林', 16994, '常绿阔叶林、水源涵养林及珍稀野生动植物', '森林生态', '国家级', '19810805', '林业');
INSERT INTO `detaileddata` VALUES ('桂10', '九万山', '融水苗族自治县、罗城', 25212.8, '水源涵养林', '森林生态', '国家级', '19820608', '林业');
INSERT INTO `detaileddata` VALUES ('桂12', '元宝山', '融水苗族自治县', 4220.7, '元宝山冷杉及中亚热带中山森林生态系统', '野生植物', '国家级', '19820608', '林业');
INSERT INTO `detaileddata` VALUES ('桂17', '猫儿山', '兴安县、资源县、龙胜', 17008.5, '典型常绿阔叶林生态系统及珍稀野生动植物', '森林生态', '国家级', '19760510', '林业');
INSERT INTO `detaileddata` VALUES ('桂20', '千家洞', '灌阳县', 12231, '水源涵养林及野生动植物', '森林生态', '国家级', '19820608', '林业');
INSERT INTO `detaileddata` VALUES ('桂21', '花坪', '龙胜各族自治县、临桂', 17400, '银杉、典型常绿阔叶林生态系统及珍稀野生', '森林生态', '国家级', '19611018', '林业');
INSERT INTO `detaileddata` VALUES ('桂27', '合浦营盘港－英罗港儒艮', '合浦县', 35000, '儒艮及海洋生态系统', '野生动物', '国家级', '19860409', '环保');
INSERT INTO `detaileddata` VALUES ('桂28', '山口红树林', '合浦县', 8000, '红树林生态系统', '海洋海岸', '国家级', '19900930', '海洋');
INSERT INTO `detaileddata` VALUES ('桂29', '北仑河口', '防城港市防城区、东兴', 3000, '红树林生态系统', '海洋海岸', '国家级', '19900317', '海洋');
INSERT INTO `detaileddata` VALUES ('桂30', '防城金花茶', '防城港市防城区', 9098.6, '金花茶及森林生态系统', '野生植物', '国家级', '19860409', '环保');
INSERT INTO `detaileddata` VALUES ('桂32', '十万大山', '防城港市防城区、钦州', 58277.1, '水源涵养林', '森林生态', '国家级', '19820608', '林业');
INSERT INTO `detaileddata` VALUES ('桂45', '邦亮长臂猿', '靖西县', 6530, '东部黑冠长臂猿及北热带岩溶山地季雨林生', '野生动物', '国家级', '20090716', '林业');
INSERT INTO `detaileddata` VALUES ('桂53', '雅长兰科植物', '乐业县', 22062, '兰科植物及生态系统', '野生植物', '国家级', '20050422', '林业');
INSERT INTO `detaileddata` VALUES ('桂54', '岑王老山', '田林县、凌云县', 18994, '季风常绿阔叶林及珍稀野生动植物', '森林生态', '国家级', '19820608', '林业');
INSERT INTO `detaileddata` VALUES ('桂58', '金钟山黑颈长尾雉', '隆林各族自治县', 20924.4, '黑颈长尾雉、贵州苏铁、隆林苏铁等珍稀野', '野生动物', '国家级', '19820608', '林业');
INSERT INTO `detaileddata` VALUES ('桂60', '大桂山鳄蜥', '贺州市八步区', 3780, '鳄蜥等珍稀野生动物及其生境', '野生动物', '国家级', '20050422', '林业');
INSERT INTO `detaileddata` VALUES ('桂62', '七冲', '昭平县', 14336.3, '原生性常绿阔叶林生态系统及伯乐树、鳄蜥', '森林生态', '国家级', '20031121', '林业');
INSERT INTO `detaileddata` VALUES ('桂67', '木论', '环江毛南族自治县、罗', 8969, '中亚热带石灰岩常绿阔叶混交林生态系统及', '森林生态', '国家级', '19910622', '林业');
INSERT INTO `detaileddata` VALUES ('桂70', '大瑶山', '金秀瑶族自治县、荔浦', 24907.3, '水源林及瑶山鳄蜥、银杉等珍稀野生动植物', '森林生态', '国家级', '19820608', '林业');
INSERT INTO `detaileddata` VALUES ('桂72', '崇左白头叶猴', '崇左市江州区、扶绥县', 25578, '白头叶猴、黑叶猴、猕猴', '野生动物', '国家级', '19801001', '林业');
INSERT INTO `detaileddata` VALUES ('桂76', '弄岗', '龙州县、宁明县', 10080, '亚热带石灰岩季雨林和白头叶猴、黑叶猴等', '森林生态', '国家级', '19790101', '林业');
INSERT INTO `detaileddata` VALUES ('桂77', '恩城', '大新县', 25819.6, '黑叶猴及北热带石灰岩季雨林', '野生动物', '国家级', '19820608', '林业');
INSERT INTO `detaileddata` VALUES ('沪01', '九段沙湿地', '上海市浦东新区', 42020, '河口型湿地生态系统、发育早期的河口沙洲', '内陆湿地', '国家级', '20000306', '环保');
INSERT INTO `detaileddata` VALUES ('沪03', '崇明东滩鸟类', '崇明县', 24155, '湿地生态系统及珍稀鸟类', '野生动物', '国家级', '19981116', '林业');
INSERT INTO `detaileddata` VALUES ('津04', '古海岸与湿地', '天津市滨海新区、宁河', 35913, '贝壳堤、牡蛎滩古海岸遗迹、滨海湿地', '古生物遗迹', '国家级', '19841230', '海洋');
INSERT INTO `detaileddata` VALUES ('津06', '八仙山', '蓟县', 1049, '森林生态系统', '森林生态', '国家级', '19841230', '林业');
INSERT INTO `detaileddata` VALUES ('津07', '蓟县中、上元古界地层剖面', '蓟县', 900, '中上元古界地质剖面', '地质遗迹', '国家级', '19841018', '环保');
INSERT INTO `detaileddata` VALUES ('浙02', '临安清凉峰', '临安市', 10800, '梅花鹿、香果树等野生动植物及森林生态系', '森林生态', '国家级', '19850807', '林业');
INSERT INTO `detaileddata` VALUES ('浙03', '浙江天目山', '临安市', 4284, '银杏、连香树、金钱松等珍稀植物及森林生', '野生植物', '国家级', '19750515', '林业');
INSERT INTO `detaileddata` VALUES ('浙08', '象山韭山列岛', '象山县', 48478, '大黄鱼、曼氏无针乌贼、江豚、鸟类及岛礁', '海洋海岸', '国家级', '20030418', '海洋');
INSERT INTO `detaileddata` VALUES ('浙09', '南麂列岛', '平阳县', 19600, '海洋贝藻类、海洋性鸟类、野生水仙花及其', '海洋海岸', '国家级', '19890110', '海洋');
INSERT INTO `detaileddata` VALUES ('浙11', '乌岩岭', '泰顺县', 18861.5, '中亚热带森林生态系统及黄腹角雉、猕猴等', '森林生态', '国家级', '19750515', '林业');
INSERT INTO `detaileddata` VALUES ('浙16', '长兴地质遗迹', '长兴县', 275, '全球二叠－三叠系界线层型剖面、长兴阶层', '地质遗迹', '国家级', '19800314', '国土');
INSERT INTO `detaileddata` VALUES ('浙22', '大盘山', '磐安县', 4558, '野生药用植物资源', '野生植物', '国家级', '19930420', '环保');
INSERT INTO `detaileddata` VALUES ('浙27', '古田山', '开化县', 8108, '白颈长尾雉、黑麂、南方红豆杉及常绿阔叶', '野生动物', '国家级', '19750515', '林业');
INSERT INTO `detaileddata` VALUES ('浙32', '浙江九龙山', '遂昌县', 5525, '黑麂、黄腹角雉、伯乐树、南方红豆杉等野', '森林生态', '国家级', '19830903', '林业');
INSERT INTO `detaileddata` VALUES ('浙33', '凤阳山－百山祖', '庆元县、龙泉市', 26051.5, '百山祖冷杉等珍稀野生动植物及森林生态系', '森林生态', '国家级', '19750515', '林业');
INSERT INTO `detaileddata` VALUES ('渝06', '缙云山', '重庆市北碚区、沙坪坝', 7600, '亚热带常绿阔叶林', '森林生态', '国家级', '19790421', '林业');
INSERT INTO `detaileddata` VALUES ('渝22', '金佛山', '重庆市南川区', 41850, '银杉、珙桐、黑叶猴等珍稀野生动植物及森', '野生植物', '国家级', '19790822', '林业');
INSERT INTO `detaileddata` VALUES ('渝27', '大巴山', '城口县', 115750, '森林生态系统及崖柏等珍稀野生植物', '森林生态', '国家级', '19790501', '林业');
INSERT INTO `detaileddata` VALUES ('渝40', '雪宝山', '开县', 23452, '森林及珍稀野生动植物', '森林生态', '国家级', '20000501', '林业');
INSERT INTO `detaileddata` VALUES ('渝47', '五里坡', '巫山县', 35276.6, '亚热带常绿阔叶林及野生动植物', '森林生态', '国家级', '20000929', '林业');
INSERT INTO `detaileddata` VALUES ('渝49', '阴条岭', '巫溪县', 22423.1, '珙桐等珍稀植物', '野生植物', '国家级', '20000810', '林业');
INSERT INTO `detaileddata` VALUES ('湘05', '炎陵桃源洞', '炎陵县', 23786, '银杉群落及森林生态系统', '森林生态', '国家级', '19820403', '林业');
INSERT INTO `detaileddata` VALUES ('湘07', '南岳衡山', '衡阳市南岳区', 11991.6, '野生动植物、濒危动植物', '森林生态', '国家级', '19840509', '林业');
INSERT INTO `detaileddata` VALUES ('湘117', '湖南白云山', '保靖县', 20158.6, '森林生态系统及野生动植物', '森林生态', '国家级', '19980902', '林业');
INSERT INTO `detaileddata` VALUES ('湘119', '高望界', '古丈县', 17169.8, '低海拔常绿阔叶林', '森林生态', '国家级', '19930818', '林业');
INSERT INTO `detaileddata` VALUES ('湘122', '小溪', '永顺县', 24800, '珙桐、南方红豆杉等珍稀植物', '森林生态', '国家级', '19820101', '林业');
INSERT INTO `detaileddata` VALUES ('湘19', '黄桑', '绥宁县', 12590, '森林生态系统及红豆杉、伯乐树、铁杉、大', '森林生态', '国家级', '19820403', '林业');
INSERT INTO `detaileddata` VALUES ('湘20', '湖南舜皇山', '新宁县', 21719.8, '亚热带常绿阔叶林及银杉、资源冷杉等动植', '森林生态', '国家级', '19820403', '林业');
INSERT INTO `detaileddata` VALUES ('湘21', '金童山', '城步苗族自治县', 18466, '中亚热带常绿阔叶林森林生态系统及资源冷', '森林生态', '国家级', '19810126', '林业');
INSERT INTO `detaileddata` VALUES ('湘24', '东洞庭湖', '岳阳市', 190000, '湿地生态系统及珍稀水禽', '内陆湿地', '国家级', '19820403', '林业');
INSERT INTO `detaileddata` VALUES ('湘30', '西洞庭湖', '汉寿县', 30044, '湿地生态系统及黑鹳、白鹤等珍稀野生动植', '内陆湿地', '国家级', '19980114', '林业');
INSERT INTO `detaileddata` VALUES ('湘31', '乌云界', '桃源县', 33339.62, '森林生态系统及大型猫科动物', '森林生态', '国家级', '19980501', '环保');
INSERT INTO `detaileddata` VALUES ('湘32', '壶瓶山', '石门县', 66568, '森林及云豹等珍稀动物', '森林生态', '国家级', '19820403', '林业');
INSERT INTO `detaileddata` VALUES ('湘38', '张家界大鲵', '张家界市永定区、武陵', 14285, '大鲵及其栖息生境', '野生动物', '国家级', '19950418', '农业');
INSERT INTO `detaileddata` VALUES ('湘44', '八大公山', '桑植县', 20000, '亚热带森林及南方红豆杉、伯乐树等珍稀濒', '森林生态', '国家级', '19820403', '林业');
INSERT INTO `detaileddata` VALUES ('湘50', '六步溪', '安化县', 14239, '森林及野生动植物', '森林生态', '国家级', '19990510', '林业');
INSERT INTO `detaileddata` VALUES ('湘52', '莽山', '宜章县', 19833, '南亚热带常绿阔叶林及珍稀动植物', '森林生态', '国家级', '19820403', '林业');
INSERT INTO `detaileddata` VALUES ('湘55', '八面山', '桂东县', 10974, '森林及银杉、水鹿、黄腹角雉等珍稀动植物', '森林生态', '国家级', '19820403', '林业');
INSERT INTO `detaileddata` VALUES ('湘68', '东安舜皇山', '东安县', 13139.9, '亚热带常绿阔叶林及资源冷杉、伯乐树、南', '森林生态', '国家级', '19840509', '林业');
INSERT INTO `detaileddata` VALUES ('湘71', '阳明山', '双牌县', 12795, '森林及黄杉、红豆杉等珍贵植物', '森林生态', '国家级', '19820403', '林业');
INSERT INTO `detaileddata` VALUES ('湘74', '永州都庞岭', '道县', 20066.4, '森林生态系统、林麝、白颈长尾雉等野生动', '森林生态', '国家级', '19820101', '林业');
INSERT INTO `detaileddata` VALUES ('湘77', '九嶷山', '宁远县', 10236, '中亚热带中海拔天然阔叶林生态系统及珍稀', '森林生态', '国家级', '19820403', '林业');
INSERT INTO `detaileddata` VALUES ('湘82', '借母溪', '沅陵县', 13041, '森林生态系统及银杏、榉木、楠木等珍稀植', '森林生态', '国家级', '19980810', '林业');
INSERT INTO `detaileddata` VALUES ('湘86', '鹰嘴界', '会同县', 15900, '典型亚热带森林植被及南方红豆杉、银杏等', '森林生态', '国家级', '19981027', '林业');
INSERT INTO `detaileddata` VALUES ('滇01', '轿子山', '昆明市东川区、禄劝县', 16456, '针叶林、中山湿性常绿阔叶林及珍稀动植物', '森林生态', '国家级', '19940331', '林业');
INSERT INTO `detaileddata` VALUES ('滇103', '云南大围山', '屏边苗族自治县、河口', 43992.6, '南亚热带常绿阔叶林及珍稀动物', '森林生态', '国家级', '19860320', '林业');
INSERT INTO `detaileddata` VALUES ('滇107', '金平分水岭', '金平苗族瑶族傣族自治', 42026.6, '南亚热带山地苔藓常绿阔叶林及珍稀动植物', '森林生态', '国家级', '19860320', '林业');
INSERT INTO `detaileddata` VALUES ('滇108', '黄连山', '绿春县', 61860, '亚热带常绿阔叶林、野生动植物', '森林生态', '国家级', '19830427', '林业');
INSERT INTO `detaileddata` VALUES ('滇110', '文山', '文山县、西畴县', 26867, '岩溶中山南亚热带季风常绿阔叶林、亚热带', '森林生态', '国家级', '19800605', '林业');
INSERT INTO `detaileddata` VALUES ('滇119', '纳板河流域', '景洪市、勐海县', 26600, '热带季雨林及野生动植物', '森林生态', '国家级', '19910705', '环保');
INSERT INTO `detaileddata` VALUES ('滇120', '西双版纳', '景洪市、勐海县、勐腊', 241776, '热带森林生态系统及珍稀野生动植物', '森林生态', '国家级', '19581009', '林业');
INSERT INTO `detaileddata` VALUES ('滇125', '苍山洱海', '大理市、漾濞彝族自治', 79700, '断层湖泊、古代冰川遗迹、苍山冷杉、杜鹃', '内陆湿地', '国家级', '19811106', '环保');
INSERT INTO `detaileddata` VALUES ('滇142', '云龙天池', '云龙县', 14475, '云南松林、高原湖泊及珍稀动物', '森林生态', '国家级', '19830427', '林业');
INSERT INTO `detaileddata` VALUES ('滇159', '白马雪山', '德钦县、维西傈僳族自', 276400, '高山针叶林、滇金丝猴', '森林生态', '国家级', '19830427', '林业');
INSERT INTO `detaileddata` VALUES ('滇26', '会泽黑颈鹤', '会泽县', 12910.64, '黑颈鹤及湿地生态系统', '野生动物', '国家级', '19900516', '环保');
INSERT INTO `detaileddata` VALUES ('滇43', '元江', '元江哈尼族彝族傣族自', 22378.9, '干热河谷稀树灌木草丛、亚热带森林及野生', '森林生态', '国家级', '20020513', '林业');
INSERT INTO `detaileddata` VALUES ('滇44', '高黎贡山', '保山市隆阳区、腾冲县', 405200, '森林植被垂直带谱、珍稀动植物', '森林生态', '国家级', '19830427', '林业');
INSERT INTO `detaileddata` VALUES ('滇49', '大山包黑颈鹤', '昭通市昭阳区', 19200, '黑颈鹤等珍禽及其生境', '野生动物', '国家级', '19900101', '林业');
INSERT INTO `detaileddata` VALUES ('滇52', '药山', '巧家县', 20141, '高山水源林及多种药用植物', '森林生态', '国家级', '19840405', '林业');
INSERT INTO `detaileddata` VALUES ('滇55', '乌蒙山', '彝良县、永善县、大关', 26186.65, '亚热带山地湿性常绿阔叶林森林生态系统和', '森林生态', '国家级', '19840405', '林业');
INSERT INTO `detaileddata` VALUES ('滇71', '无量山', '景东彝族自治县、南涧', 30938.1, '亚热带常绿阔叶林、黑冠长臂猿等珍稀动物', '森林生态', '国家级', '19860320', '林业');
INSERT INTO `detaileddata` VALUES ('滇81', '永德大雪山', '永德县', 17541, '亚热带常绿阔叶林及野生动物', '森林生态', '国家级', '19860320', '林业');
INSERT INTO `detaileddata` VALUES ('滇83', '南滚河', '沧源佤族自治县、耿马', 50887, '亚洲象、孟加拉虎及森林生态系统', '野生动物', '国家级', '19800316', '林业');
INSERT INTO `detaileddata` VALUES ('滇84', '哀牢山', '楚雄市、南华县、双柏', 67700, '中山湿性常绿阔叶林及黑冠长臂猿等野生动', '森林生态', '国家级', '19860320', '林业');
INSERT INTO `detaileddata` VALUES ('琼02', '东寨港', '海口市美兰区', 3337, '红树林生态系统', '海洋海岸', '国家级', '19800103', '林业');
INSERT INTO `detaileddata` VALUES ('琼07', '三亚珊瑚礁', '三亚市', 8500, '珊瑚礁及其生态系统', '海洋海岸', '国家级', '19900930', '海洋');
INSERT INTO `detaileddata` VALUES ('琼22', '铜鼓岭', '文昌市', 4400, '珊瑚礁、热带季雨矮林及野生动物', '海洋海岸', '国家级', '19830506', '环保');
INSERT INTO `detaileddata` VALUES ('琼25', '大洲岛', '万宁市', 7000, '金丝燕及其生境、海洋生态系统', '野生动物', '国家级', '19870801', '海洋');
INSERT INTO `detaileddata` VALUES ('琼32', '大田', '东方市', 2500, '海南坡鹿及其生境', '野生动物', '国家级', '19760616', '林业');
INSERT INTO `detaileddata` VALUES ('琼40', '鹦哥岭', '白沙黎族自治县、琼中', 50464, '热带雨林森林生态系统', '森林生态', '国家级', '20040723', '林业');
INSERT INTO `detaileddata` VALUES ('琼41', '霸王岭', '昌江黎族自治县、白沙', 29980, '黑冠长臂猿及其生境', '野生动物', '国家级', '19800129', '林业');
INSERT INTO `detaileddata` VALUES ('琼45', '尖峰岭', '乐东黎族自治县、东方', 20170, '热带季雨林', '森林生态', '国家级', '19760616', '林业');
INSERT INTO `detaileddata` VALUES ('琼46', '吊罗山', '陵水黎族自治县、保亭', 18389, '热带雨林', '森林生态', '国家级', '19840429', '林业');
INSERT INTO `detaileddata` VALUES ('琼49', '五指山', '琼中黎族苗族自治县、', 13435.9, '热带原始森林', '森林生态', '国家级', '19851119', '林业');
INSERT INTO `detaileddata` VALUES ('甘01', '连城', '永登县', 47930, '森林生态系统及祁连柏、青扦等物种', '森林生态', '国家级', '20010401', '林业');
INSERT INTO `detaileddata` VALUES ('甘02', '兴隆山', '榆中县', 33301, '森林生态系统及马麝等野生动物', '森林生态', '国家级', '19821119', '林业');
INSERT INTO `detaileddata` VALUES ('甘09', '秦州珍稀水生野生动物', '天水市秦州区', 3010, '大鲵、秦岭细鳞鲑、山溪鲵、中国林蛙等珍', '野生动物', '国家级', '20100706', '农业');
INSERT INTO `detaileddata` VALUES ('甘11', '民勤连古城', '民勤县', 389882.5, '荒漠生态系统及黄羊等野生动物', '荒漠生态', '国家级', '19821119', '林业');
INSERT INTO `detaileddata` VALUES ('甘13', '甘肃祁连山', '天祝藏族自治县、隶南', 1987200, '水源涵养林及珍稀动物', '森林生态', '国家级', '19871024', '林业');
INSERT INTO `detaileddata` VALUES ('甘16', '张掖黑河湿地', '张掖市甘州区、高台县', 41164.56, '湿地及珍稀鸟类', '内陆湿地', '国家级', '19921210', '环保');
INSERT INTO `detaileddata` VALUES ('甘17', '太统－崆峒山', '平凉市崆峒区', 16283, '温带落叶阔叶林及野生动植物', '森林生态', '国家级', '19821119', '林业');
INSERT INTO `detaileddata` VALUES ('甘19', '安西极旱荒漠', '瓜州县', 800000, '荒漠生态系统及珍稀动植物', '荒漠生态', '国家级', '19870622', '环保');
INSERT INTO `detaileddata` VALUES ('甘22', '盐池湾', '肃北蒙古族自治县', 1360000, '白唇鹿、野牦牛、野驴等珍稀动物及其生境', '野生动物', '国家级', '19821119', '林业');
INSERT INTO `detaileddata` VALUES ('甘23', '安南坝野骆驼', '阿克塞哈萨克族自治县', 396000, '野骆驼、野驴等野生动物及荒漠草原', '野生动物', '国家级', '19821119', '林业');
INSERT INTO `detaileddata` VALUES ('甘29', '敦煌西湖', '敦煌市', 660000, '野生动物及荒漠湿地', '野生动物', '国家级', '19921214', '林业');
INSERT INTO `detaileddata` VALUES ('甘31', '敦煌阳关', '敦煌市', 88177.71, '湿地生态系统及候鸟', '内陆湿地', '国家级', '19940704', '环保');
INSERT INTO `detaileddata` VALUES ('甘36', '漳县珍稀水生动物', '漳县', 3775, '细鳞鲑及其生境', '野生动物', '国家级', '20050202', '农业');
INSERT INTO `detaileddata` VALUES ('甘41', '白水江', '文县、陇南市武都区', 183799, '大熊猫、金丝猴、扭角羚等野生动物', '野生动物', '国家级', '19630101', '林业');
INSERT INTO `detaileddata` VALUES ('甘48', '小陇山', '徽县、两当县', 31938, '暖温带－亚热带过渡地区原始森林生态系统', '森林生态', '国家级', '19821119', '林业');
INSERT INTO `detaileddata` VALUES ('甘50', '太子山', '临夏回族自治州、甘南', 84700, '水源涵养林及野生动植物', '森林生态', '国家级', '20051228', '林业');
INSERT INTO `detaileddata` VALUES ('甘51', '甘肃莲花山', '康乐县、临潭县、卓尼', 11691, '森林生态系统', '森林生态', '国家级', '19821203', '林业');
INSERT INTO `detaileddata` VALUES ('甘54', '洮河', '卓尼县、临潭县', 287759, '森林生态系统', '森林生态', '国家级', '20050202', '林业');
INSERT INTO `detaileddata` VALUES ('甘58', '黄河首曲', '玛曲县', 203401, '黄河首曲高原湿地生态系统', '内陆湿地', '国家级', '19951123', '林业');
INSERT INTO `detaileddata` VALUES ('甘60', '尕海－则岔', '碌曲县', 247431, '黑颈鹤等野生动物、高寒沼泽湿地森林生态', '野生动物', '国家级', '19820902', '林业');
INSERT INTO `detaileddata` VALUES ('皖07', '铜陵淡水豚', '铜陵市、贵池市、枞阳', 31518, '白鱀豚、江豚等珍稀水生生物', '野生动物', '国家级', '19850915', '环保');
INSERT INTO `detaileddata` VALUES ('皖101', '安徽扬子鳄', '宣城市宣州区、郎溪县', 18565, '扬子鳄及其生境', '野生动物', '国家级', '19790101', '林业');
INSERT INTO `detaileddata` VALUES ('皖104', '安徽清凉峰', '绩溪县、歙县', 7811.2, '中亚热带常绿阔叶林及珍稀濒危动植物', '森林生态', '国家级', '19790101', '林业');
INSERT INTO `detaileddata` VALUES ('皖11', '鹞落坪', '岳西县', 12300, '北亚热带常绿阔叶林', '森林生态', '国家级', '19911229', '环保');
INSERT INTO `detaileddata` VALUES ('皖45', '古牛绛', '祁门县、石台县', 6713.3, '森林生态系统及珍稀动植物', '森林生态', '国家级', '19820601', '林业');
INSERT INTO `detaileddata` VALUES ('皖94', '金寨天马', '金寨县', 28913.7, '北亚热带常绿落叶阔叶混交林及珍稀动植物', '森林生态', '国家级', '19820601', '林业');
INSERT INTO `detaileddata` VALUES ('皖98', '升金湖', '东至县、池州市贵池区', 33400, '白鹳等珍稀鸟类及湿地生态系统', '野生动物', '国家级', '19860204', '林业');
INSERT INTO `detaileddata` VALUES ('粤104', '雷州珍稀海洋生物', '雷州市', 46864.67, '白蝶贝等珍稀海洋生物及其生境', '野生动物', '国家级', '19830407', '农业');
INSERT INTO `detaileddata` VALUES ('粤12', '罗坑鳄蜥', '韶关市曲江区', 18813.6, '鳄蜥及中亚热带常绿阔叶林', '野生动物', '国家级', '19780101', '林业');
INSERT INTO `detaileddata` VALUES ('粤132', '云开山', '信宜市、高州市', 12511.3, '南亚热带常绿阔叶林及野生动植物', '森林生态', '国家级', '19940412', '林业');
INSERT INTO `detaileddata` VALUES ('粤134', '鼎湖山', '肇庆市鼎湖区', 1133, '南亚热带常绿阔叶林及珍稀动植物', '森林生态', '国家级', '19560227', '其他');
INSERT INTO `detaileddata` VALUES ('粤15', '车八岭', '始兴县', 7545, '中亚热带常绿阔叶林及珍稀动植物', '森林生态', '国家级', '19810704', '林业');
INSERT INTO `detaileddata` VALUES ('粤170', '象头山', '博罗县', 10696.9, '南亚热带季风常绿阔叶林及野生动植物', '森林生态', '国家级', '19981228', '林业');
INSERT INTO `detaileddata` VALUES ('粤174', '惠东港口海龟', '惠东县', 800, '海龟及其产卵繁殖地', '野生动物', '国家级', '19850601', '农业');
INSERT INTO `detaileddata` VALUES ('粤20', '丹霞山', '仁化县', 28000, '丹霞地貌', '地质遗迹', '国家级', '19951028', '国土');
INSERT INTO `detaileddata` VALUES ('粤31', '南岭', '乳源县、阳山县、连州', 50000, '中亚热带常绿阔叶林', '森林生态', '国家级', '19840429', '林业');
INSERT INTO `detaileddata` VALUES ('粤344', '石门台', '英德市', 33555, '天然阔叶林及珍稀濒危动植物', '森林生态', '国家级', '19981228', '林业');
INSERT INTO `detaileddata` VALUES ('粤45', '内伶仃岛－福田', '深圳市宝安区、福田区', 815, '猕猴、鸟类、红树林湿地生态系统', '海洋海岸', '国家级', '19840429', '林业');
INSERT INTO `detaileddata` VALUES ('粤51', '珠江口中华白海豚', '珠海市', 46000, '中华白海豚及其生境', '野生动物', '国家级', '19991013', '农业');
INSERT INTO `detaileddata` VALUES ('粤67', '南澎列岛', '南澳县', 35679, '海洋生态系统及海洋生物', '海洋海岸', '国家级', '20030619', '海洋');
INSERT INTO `detaileddata` VALUES ('粤88', '湛江红树林', '湛江市', 19300, '红树林生态系统', '海洋海岸', '国家级', '19900111', '林业');
INSERT INTO `detaileddata` VALUES ('粤97', '徐闻珊瑚礁', '徐闻县', 14378.5, '珊瑚礁生态系统', '海洋海岸', '国家级', '19990803', '海洋');
INSERT INTO `detaileddata` VALUES ('苏21', '盐城湿地珍禽', '射阳县、东台市、大丰', 247260, '丹顶鹤等珍禽及沿海滩涂湿地生态系统', '野生动物', '国家级', '19830225', '环保');
INSERT INTO `detaileddata` VALUES ('苏22', '大丰麋鹿', '大丰市', 2666.67, '麋鹿、丹顶鹤及湿地生态系统', '野生动物', '国家级', '19860208', '林业');
INSERT INTO `detaileddata` VALUES ('苏30', '泗洪洪泽湖湿地', '泗洪县', 49365, '湿地生态系统、大鸨等鸟类、鱼类产卵场', '内陆湿地', '国家级', '19850701', '环保');
INSERT INTO `detaileddata` VALUES ('蒙01', '内蒙古大青山', '呼和浩特市新城区、回', 388577, '森林生态系统', '森林生态', '国家级', '19961216', '林业');
INSERT INTO `detaileddata` VALUES ('蒙100', '毕拉河', '鄂伦春自治旗', 56604, '森林沼泽、湿地沼泽生态系统及珍稀野生动', '内陆湿地', '国家级', '20040721', '林业');
INSERT INTO `detaileddata` VALUES ('蒙104', '红花尔基樟子松林', '鄂温克族自治旗', 20085, '樟子松林', '森林生态', '国家级', '19980526', '林业');
INSERT INTO `detaileddata` VALUES ('蒙105', '辉河', '鄂温克族自治旗、新巴', 346848, '湿地生态系统及珍禽、草原', '内陆湿地', '国家级', '19971230', '环保');
INSERT INTO `detaileddata` VALUES ('蒙115', '呼伦湖', '新巴尔虎右旗、新巴尔', 740000, '湖泊湿地、草原及野生动物', '内陆湿地', '国家级', '19860714', '林业');
INSERT INTO `detaileddata` VALUES ('蒙119', '额尔古纳', '额尔古纳市', 124527, '原始寒温带针叶林', '森林生态', '国家级', '19980310', '林业');
INSERT INTO `detaileddata` VALUES ('蒙124', '大兴安岭汗马', '根河市', 107348, '寒温带苔原山地明亮针叶林', '森林生态', '国家级', '19950529', '林业');
INSERT INTO `detaileddata` VALUES ('蒙126', '哈腾套海', '磴口县', 123600, '绵刺及荒漠草原、湿地生态系统', '荒漠生态', '国家级', '19950101', '林业');
INSERT INTO `detaileddata` VALUES ('蒙131', '乌拉特梭梭林－蒙古野驴', '乌拉特后旗、乌拉特中', 68000, '梭梭林、蒙古野驴及荒漠生态系统', '荒漠生态', '国家级', '19851005', '林业');
INSERT INTO `detaileddata` VALUES ('蒙153', '内蒙古青山', '科尔沁右翼前旗', 26989, '蒙古栎林、黑桦林、紫椴林等典型温带天然', '森林生态', '国家级', '19971230', '林业');
INSERT INTO `detaileddata` VALUES ('蒙155', '科尔沁', '科尔沁右翼中旗', 126987, '湿地珍禽、灌丛及疏林草原', '野生动物', '国家级', '19850209', '环保');
INSERT INTO `detaileddata` VALUES ('蒙159', '图牧吉', '扎赉特旗', 76210, '大鸨等珍禽及草原、湿地生态系统', '野生动物', '国家级', '19960729', '环保');
INSERT INTO `detaileddata` VALUES ('蒙16', '阿鲁科尔沁', '阿鲁科尔沁旗', 136793.6, '沙地草原、湿地生态系统及珍稀鸟类', '草原草甸', '国家级', '19991020', '环保');
INSERT INTO `detaileddata` VALUES ('蒙163', '锡林郭勒草原', '锡林浩特市', 580000, '草甸草原、沙地疏林', '草原草甸', '国家级', '19850805', '环保');
INSERT INTO `detaileddata` VALUES ('蒙17', '高格斯台罕乌拉', '阿鲁科尔沁旗', 106284, '森林、草原、湿地生态系统及珍稀动物', '森林生态', '国家级', '19971127', '林业');
INSERT INTO `detaileddata` VALUES ('蒙171', '古日格斯台', '西乌珠穆沁旗', 98931, '森林、草原生态系统和野生动植物', '森林生态', '国家级', '19980602', '林业');
INSERT INTO `detaileddata` VALUES ('蒙176', '内蒙古贺兰山', '阿拉善左旗', 67710.6, '水源涵养林、野生动植物', '森林生态', '国家级', '19920513', '林业');
INSERT INTO `detaileddata` VALUES ('蒙180', '额济纳胡杨林', '额济纳旗', 26253, '胡杨林及荒漠生态系统', '荒漠生态', '国家级', '19920630', '林业');
INSERT INTO `detaileddata` VALUES ('蒙21', '乌兰坝', '巴林左旗', 78672, '西辽河源头区的山地森林、湿地生态系统，', '森林生态', '国家级', '19971101', '林业');
INSERT INTO `detaileddata` VALUES ('蒙23', '赛罕乌拉', '巴林右旗', 100400, '森林生态系统及马鹿等野生动物', '森林生态', '国家级', '19970410', '林业');
INSERT INTO `detaileddata` VALUES ('蒙25', '白音敖包', '克什克腾旗', 13862, '沙地云杉林', '森林生态', '国家级', '19791224', '林业');
INSERT INTO `detaileddata` VALUES ('蒙27', '达里诺尔', '克什克腾旗', 119413, '珍稀鸟类及其生境', '野生动物', '国家级', '19871029', '环保');
INSERT INTO `detaileddata` VALUES ('蒙37', '黑里河', '宁城县', 27638, '森林生态系统', '森林生态', '国家级', '19961231', '林业');
INSERT INTO `detaileddata` VALUES ('蒙39', '大黑山', '敖汉旗', 86799.4, '天然阔叶林', '森林生态', '国家级', '19961022', '环保');
INSERT INTO `detaileddata` VALUES ('蒙52', '大青沟', '科尔沁左翼后旗', 8183, '沙地原生森林生态系统和天然阔叶林', '森林生态', '国家级', '19800414', '林业');
INSERT INTO `detaileddata` VALUES ('蒙73', '罕山', '扎鲁特旗', 91333, '森林、草原、湿地生态系统及大鸨、金雕、', '森林生态', '国家级', '19961030', '林业');
INSERT INTO `detaileddata` VALUES ('蒙84', '鄂尔多斯遗鸥', '鄂尔多斯市东胜区、伊', 14770, '遗鸥及湿地生态系统', '野生动物', '国家级', '19980526', '林业');
INSERT INTO `detaileddata` VALUES ('蒙90', '鄂托克恐龙遗迹化石', '鄂托克旗', 46410, '恐龙足迹化石', '古生物遗迹', '国家级', '19981001', '国土');
INSERT INTO `detaileddata` VALUES ('蒙91', '西鄂尔多斯', '鄂托克旗、乌海市', 460024, '四合木等濒危植物及荒漠生态系统', '野生植物', '国家级', '19861201', '环保');
INSERT INTO `detaileddata` VALUES ('藏01', '拉鲁湿地', '拉萨市城关区', 1220, '高寒湿地生态系统', '内陆湿地', '国家级', '19990525', '环保');
INSERT INTO `detaileddata` VALUES ('藏03', '雅鲁藏布江中游河谷黑颈鹤', '林周县、达孜县、浪卡', 614350, '黑颈鹤及其生境', '野生动物', '国家级', '19930716', '林业');
INSERT INTO `detaileddata` VALUES ('藏17', '类乌齐马鹿', '类乌齐县', 120614.6, '马鹿、白唇鹿等野生动物及其栖息地', '野生动物', '国家级', '19930716', '林业');
INSERT INTO `detaileddata` VALUES ('藏23', '芒康滇金丝猴', '芒康县', 185300, '滇金丝猴及其生态系统', '野生动物', '国家级', '19930716', '林业');
INSERT INTO `detaileddata` VALUES ('藏32', '珠穆朗玛峰', '定日县、聂拉木县、定', 3381000, '高山森林、荒漠生态系统及雪豹等野生动物', '森林生态', '国家级', '19880405', '林业');
INSERT INTO `detaileddata` VALUES ('藏36', '羌塘', '改则县、革吉县、日土', 29800000, '藏羚羊等有蹄类动物及高原荒漠生态系统', '荒漠生态', '国家级', '19930716', '林业');
INSERT INTO `detaileddata` VALUES ('藏37', '色林错', '那曲县、安多县、班戈', 2032380, '黑颈鹤繁殖地、高原湿地生态系统', '野生动物', '国家级', '19930716', '林业');
INSERT INTO `detaileddata` VALUES ('藏46', '雅鲁藏布大峡谷', '墨脱县、林芝县、波密', 916800, '山地垂直带带谱及野生动植物', '森林生态', '国家级', '19850923', '林业');
INSERT INTO `detaileddata` VALUES ('藏47', '察隅慈巴沟', '察隅县', 101400, '山地亚热带森林生态系统及扭角羚、孟加拉', '森林生态', '国家级', '19850923', '林业');
INSERT INTO `detaileddata` VALUES ('豫09', '新乡黄河湿地鸟类', '封丘县、长垣县', 22780, '天鹅、鹤类等珍禽及湿地生态系统', '内陆湿地', '国家级', '19880727', '环保');
INSERT INTO `detaileddata` VALUES ('豫11', '河南黄河湿地', '三门峡市、洛阳市、焦', 68000, '湿地生态系统、珍稀鸟类', '内陆湿地', '国家级', '19950818', '林业');
INSERT INTO `detaileddata` VALUES ('豫13', '小秦岭', '灵宝市', 15160, '暖温带森林生态系统及珍稀动植物', '森林生态', '国家级', '19820624', '林业');
INSERT INTO `detaileddata` VALUES ('豫14', '伏牛山', '西峡县、内乡县、南召', 56024, '过渡带森林生态系统', '森林生态', '国家级', '19820624', '林业');
INSERT INTO `detaileddata` VALUES ('豫15', '南阳恐龙蛋化石群', '西峡县、内乡县、淅川', 78015, '恐龙蛋化石', '古生物遗迹', '国家级', '19980101', '国土');
INSERT INTO `detaileddata` VALUES ('豫18', '宝天曼', '内乡县', 5412.5, '过渡带森林生态系统、珍稀动植物', '森林生态', '国家级', '19800430', '林业');
INSERT INTO `detaileddata` VALUES ('豫20', '丹江湿地', '淅川县', 64027, '湿地生态系统', '内陆湿地', '国家级', '20010810', '林业');
INSERT INTO `detaileddata` VALUES ('豫23', '鸡公山', '信阳市师河区', 2917, '森林生态系统、野生动物', '森林生态', '国家级', '19820624', '林业');
INSERT INTO `detaileddata` VALUES ('豫26', '董寨', '罗山县', 46800, '珍稀鸟类及其栖息地', '野生动物', '国家级', '19820624', '林业');
INSERT INTO `detaileddata` VALUES ('豫27', '连康山', '新县、商城县、信阳市', 10580, '北亚热带森林生态系统及白冠长尾雉等珍稀', '森林生态', '国家级', '19820624', '林业');
INSERT INTO `detaileddata` VALUES ('豫29', '河南大别山', '商城县', 10600, '过渡带森林生态系统、湿地生态系统及南方', '森林生态', '国家级', '19820624', '林业');
INSERT INTO `detaileddata` VALUES ('豫33', '太行山猕猴', '济源市、焦作市、新乡', 56600, '猕猴及森林生态系统', '野生动物', '国家级', '19820624', '林业');
INSERT INTO `detaileddata` VALUES ('赣08', '鄱阳湖南矶湿地', '新建县', 33300, '天鹅、大雁等越冬珍禽和湿地生境', '内陆湿地', '国家级', '19970106', '林业');
INSERT INTO `detaileddata` VALUES ('赣130', '井冈山', '井冈山市', 21499, '亚热带常绿阔叶林及珍稀动物', '森林生态', '国家级', '19810306', '林业');
INSERT INTO `detaileddata` VALUES ('赣148', '官山', '宜丰县、铜鼓县', 11500.5, '中亚热带常绿阔叶林及白颈长尾雉等珍稀野', '森林生态', '国家级', '19810306', '林业');
INSERT INTO `detaileddata` VALUES ('赣151', '九岭山', '靖安县', 11541, '中亚热带常绿阔叶林及野生动植物', '森林生态', '国家级', '19970106', '林业');
INSERT INTO `detaileddata` VALUES ('赣176', '江西马头山', '资溪县', 13866.53, '亚热带常绿阔叶林及珍稀植物', '森林生态', '国家级', '19940101', '林业');
INSERT INTO `detaileddata` VALUES ('赣182', '铜钹山', '广丰县', 10800, '武夷山脉北段中亚热带北缘常绿阔叶林森林', '森林生态', '国家级', '20040820', '林业');
INSERT INTO `detaileddata` VALUES ('赣184', '江西武夷山', '铅山县', 16007, '中亚热带常绿阔叶林及珍稀动植物', '森林生态', '国家级', '19810306', '林业');
INSERT INTO `detaileddata` VALUES ('赣27', '庐山', '九江市', 20120, '中亚热带森林生态系统', '森林生态', '国家级', '19810306', '林业');
INSERT INTO `detaileddata` VALUES ('赣36', '鄱阳湖候鸟', '永修县、星子县、新建', 22400, '白鹤等越冬珍禽及其栖息地', '野生动物', '国家级', '19830101', '林业');
INSERT INTO `detaileddata` VALUES ('赣60', '桃红岭梅花鹿', '彭泽县', 12500, '野生梅花鹿南方亚种及其栖息地', '野生动物', '国家级', '19810306', '林业');
INSERT INTO `detaileddata` VALUES ('赣69', '阳际峰', '贵溪市', 10946, '华南湍蛙组和棘胸蛙组等两栖纲动物及亚热', '野生动物', '国家级', '19961101', '林业');
INSERT INTO `detaileddata` VALUES ('赣75', '齐云山', '崇义县', 17105, '亚热带常绿阔叶林', '森林生态', '国家级', '19970920', '林业');
INSERT INTO `detaileddata` VALUES ('赣84', '九连山', '龙南县', 13411.6, '亚热带常绿阔叶林', '森林生态', '国家级', '19810306', '林业');
INSERT INTO `detaileddata` VALUES ('赣98', '赣江源', '石城县、瑞金市', 16100.85, '中亚热带常绿阔叶林', '森林生态', '国家级', '19980517', '林业');
INSERT INTO `detaileddata` VALUES ('辽10', '大连斑海豹', '大连市旅顺口区', 672275, '斑海豹及其生境', '野生动物', '国家级', '19920920', '农业');
INSERT INTO `detaileddata` VALUES ('辽11', '蛇岛老铁山', '大连市旅顺口区', 9072, '蝮蛇、候鸟及蛇岛特殊生态系统', '野生动物', '国家级', '19800806', '环保');
INSERT INTO `detaileddata` VALUES ('辽12', '成山头海滨地貌', '大连市金州区', 1350, '地质遗迹及海滨喀斯特地貌', '地质遗迹', '国家级', '19890401', '环保');
INSERT INTO `detaileddata` VALUES ('辽18', '辽宁仙人洞', '庄河市', 3574.7, '森林生态系统', '森林生态', '国家级', '19810901', '林业');
INSERT INTO `detaileddata` VALUES ('辽39', '桓仁老秃顶子', '桓仁满族自治县、新宾', 15219, '长白植物区系森林及人参等珍稀物种', '森林生态', '国家级', '19810901', '林业');
INSERT INTO `detaileddata` VALUES ('辽41', '白石砬子', '宽甸满族自治县', 7467, '原生型红松针阔混交林', '森林生态', '国家级', '19810901', '林业');
INSERT INTO `detaileddata` VALUES ('辽46', '丹东鸭绿江口湿地', '东港市', 81430, '沿海滩涂湿地及水禽候鸟', '海洋海岸', '国家级', '19870701', '环保');
INSERT INTO `detaileddata` VALUES ('辽56', '医巫闾山', '北镇市、义县', 11459, '天然油松林、华北植物区系针阔混交林', '森林生态', '国家级', '19810901', '林业');
INSERT INTO `detaileddata` VALUES ('辽60', '海棠山', '阜新蒙古族自治县', 11002.7, '森林生态系统及野生动植物', '森林生态', '国家级', '19861201', '林业');
INSERT INTO `detaileddata` VALUES ('辽63', '章古台', '彰武县', 10200, '沙地森林生态系统', '森林生态', '国家级', '19861201', '林业');
INSERT INTO `detaileddata` VALUES ('辽69', '辽河口', '盘山县、大洼县', 80000, '珍稀水禽及沿海湿地生态系统', '野生动物', '国家级', '19850909', '林业');
INSERT INTO `detaileddata` VALUES ('辽82', '辽宁大黑山', '北票市', 13844, '山地落叶阔叶林生态系统及辽梅杏、金雕等', '森林生态', '国家级', '20000619', '林业');
INSERT INTO `detaileddata` VALUES ('辽84', '努鲁儿虎山', '朝阳县', 16705.6, '森林生态系统', '森林生态', '国家级', '20001101', '林业');
INSERT INTO `detaileddata` VALUES ('辽92', '北票鸟化石', '北票市', 4630, '中生代晚期鸟化石等古生物化石群', '古生物遗迹', '国家级', '19970518', '国土');
INSERT INTO `detaileddata` VALUES ('辽93', '青龙河', '凌源市', 12045, '燕山东段暖温带北缘的天然侧柏林、核桃楸', '森林生态', '国家级', '20010411', '林业');
INSERT INTO `detaileddata` VALUES ('辽95', '虹螺山', '葫芦岛市连山区、南票', 10008, '森林生态系统及水曲柳、黄羊等珍稀野生动', '森林生态', '国家级', '20051223', '林业');
INSERT INTO `detaileddata` VALUES ('辽99', '白狼山', '建昌县', 17440, '华北植物区系北缘森林生态系统', '森林生态', '国家级', '20010709', '林业');
INSERT INTO `detaileddata` VALUES ('鄂08', '赛武当', '十堰市茅箭区', 21203, '巴山松、铁杉群落及野生动植物', '森林生态', '国家级', '19870106', '林业');
INSERT INTO `detaileddata` VALUES ('鄂10', '青龙山恐龙蛋化石群', '郧县', 205.25, '恐龙蛋化石群', '古生物遗迹', '国家级', '19970113', '国土');
INSERT INTO `detaileddata` VALUES ('鄂13', '堵河源', '竹山县', 47173, '林麝及北亚热带森林生态系统', '野生动物', '国家级', '19871210', '林业');
INSERT INTO `detaileddata` VALUES ('鄂15', '十八里长峡', '竹溪县', 25604.95, '秦巴植物区系濒危动植物、北亚热带亚高山', '野生植物', '国家级', '19881020', '林业');
INSERT INTO `detaileddata` VALUES ('鄂27', '五峰后河', '五峰土家族自治县', 10340, '森林生态系统及珙桐等珍稀动植物', '森林生态', '国家级', '19850303', '林业');
INSERT INTO `detaileddata` VALUES ('鄂33', '南河', '谷城县', 14833.7, '北亚热带森林生态系统、古老孑遗珍稀濒危', '森林生态', '国家级', '20030928', '林业');
INSERT INTO `detaileddata` VALUES ('鄂48', '石首麋鹿', '石首市', 1567, '麋鹿及其生境', '野生动物', '国家级', '19911118', '环保');
INSERT INTO `detaileddata` VALUES ('鄂49', '长江天鹅洲白鱀豚', '石首市', 2000, '白鱀豚、江豚及其生境', '野生动物', '国家级', '19901201', '农业');
INSERT INTO `detaileddata` VALUES ('鄂50', '洪湖', '洪湖市、监利县', 41412, '湿地生态系统', '内陆湿地', '国家级', '19960101', '林业');
INSERT INTO `detaileddata` VALUES ('鄂51', '长江新螺段白鱀豚', '洪湖市、赤壁市、嘉鱼', 13500, '白鱀豚、江豚、中华鲟及其生境', '野生动物', '国家级', '19870101', '农业');
INSERT INTO `detaileddata` VALUES ('鄂55', '大别山', '黄冈市', 16048.2, '中亚热带典型森林生态系统及南方红豆杉、', '森林生态', '国家级', '20030928', '林业');
INSERT INTO `detaileddata` VALUES ('鄂56', '龙感湖', '黄梅县', 22322, '湿地生态系统及白头鹤等珍禽', '内陆湿地', '国家级', '19880101', '林业');
INSERT INTO `detaileddata` VALUES ('鄂60', '九宫山', '通山县', 16608.7, '中亚热带阔叶林生态系统及珍稀动植物', '森林生态', '国家级', '19811227', '林业');
INSERT INTO `detaileddata` VALUES ('鄂67', '星斗山', '利川市、咸丰县、恩施', 68339, '珙桐、水杉及森林植被', '野生植物', '国家级', '19811218', '林业');
INSERT INTO `detaileddata` VALUES ('鄂69', '七姊妹山', '宣恩县', 34550, '中亚热带山地常绿阔叶林森林生态系统、珙', '森林生态', '国家级', '19900228', '林业');
INSERT INTO `detaileddata` VALUES ('鄂71', '咸丰忠建河大鲵', '咸丰县', 1043.3, '大鲵及其生境', '野生动物', '国家级', '19940824', '农业');
INSERT INTO `detaileddata` VALUES ('鄂74', '木林子', '鹤峰县', 20838, '中亚热带森林生态系统及珙桐、香果树等珍', '森林生态', '国家级', '19830402', '林业');
INSERT INTO `detaileddata` VALUES ('鄂77', '神农架', '神农架林区', 70467, '森林生态系统及金丝猴、珙桐等珍稀动植物', '森林生态', '国家级', '19820301', '林业');
INSERT INTO `detaileddata` VALUES ('闽04', '雄江黄楮林', '闽清县', 12513.3, '福建青冈、中亚热带南缘常绿阔叶林及两栖', '森林生态', '国家级', '19850802', '林业');
INSERT INTO `detaileddata` VALUES ('闽08', '闽江河口湿地', '长乐市', 2100, '河口湿地生态系统及水禽', '内陆湿地', '国家级', '20030820', '林业');
INSERT INTO `detaileddata` VALUES ('闽10', '厦门珍稀海洋物种', '厦门市', 33088, '中华白海豚、白鹭、文昌鱼等珍稀动物', '海洋海岸', '国家级', '19910101', '农业');
INSERT INTO `detaileddata` VALUES ('闽15', '君子峰', '明溪县', 18060.5, '中亚热带原生性常绿阔叶林、南方红豆杉', '森林生态', '国家级', '19951220', '林业');
INSERT INTO `detaileddata` VALUES ('闽22', '龙栖山', '将乐县', 15693, '中亚热带森林生态系统，金钱豹、云豹、黄', '森林生态', '国家级', '19840911', '林业');
INSERT INTO `detaileddata` VALUES ('闽25', '闽江源', '建宁县', 13022, '大面积的钟萼木和南方红豆杉原生种群、福', '森林生态', '国家级', '20000315', '林业');
INSERT INTO `detaileddata` VALUES ('闽26', '天宝岩', '永安市', 11015, '长苞铁杉林、猴头杜鹃林、南方山间盆地泥', '森林生态', '国家级', '19881226', '林业');
INSERT INTO `detaileddata` VALUES ('闽30', '戴云山', '德化县', 13472.4, '南方红豆杉、长苞铁杉及东南沿海典型的山', '森林生态', '国家级', '19850516', '林业');
INSERT INTO `detaileddata` VALUES ('闽31', '深沪湾海底古森林遗迹', '晋江市', 3100, '海底古森林遗迹和古牡蛎海滩岩及地质地貌', '古生物遗迹', '国家级', '19911009', '海洋');
INSERT INTO `detaileddata` VALUES ('闽32', '漳江口红树林', '云霄县', 2360, '红树林生态系统和东南沿海水产种质资源', '海洋海岸', '国家级', '19920701', '林业');
INSERT INTO `detaileddata` VALUES ('闽38', '虎伯寮', '南靖县', 2650, '南亚热带雨林森林生态系统', '森林生态', '国家级', '19800306', '林业');
INSERT INTO `detaileddata` VALUES ('闽47', '茫荡山', '南平市延平区', 9442.3, '杉木原生种群和典型的中亚热带沟谷森林生', '森林生态', '国家级', '19870201', '林业');
INSERT INTO `detaileddata` VALUES ('闽55', '福建武夷山', '武夷山市、建阳市、光', 56527, '中亚热带森林生态系统', '森林生态', '国家级', '19790703', '林业');
INSERT INTO `detaileddata` VALUES ('闽58', '汀江源', '长汀县', 10379.7, '原生性的中亚热带常绿阔叶林生态系统及野', '森林生态', '国家级', '20010609', '林业');
INSERT INTO `detaileddata` VALUES ('闽59', '梅花山', '龙岩市上杭县、连城县', 22168, '以华南虎为代表的珍稀动植物和典型森林生', '森林生态', '国家级', '19850402', '林业');
INSERT INTO `detaileddata` VALUES ('闽60', '梁野山', '武平县', 14365, '南方红豆杉林和钩栲林、观光木林生态系统', '森林生态', '国家级', '19950101', '林业');
INSERT INTO `detaileddata` VALUES ('陕03', '老县城', '周至县', 12611, '大熊猫、金丝猴、羚牛、林麝等珍稀野生动', '野生动物', '国家级', '19930710', '林业');
INSERT INTO `detaileddata` VALUES ('陕04', '周至', '周至县', 56393, '金丝猴等野生动物及其生境', '野生动物', '国家级', '19840101', '林业');
INSERT INTO `detaileddata` VALUES ('陕10', '陇县秦岭细鳞鲑', '陇县', 6559, '细鳞鲑及其生境', '野生动物', '国家级', '20011129', '农业');
INSERT INTO `detaileddata` VALUES ('陕13', '紫柏山', '凤县', 17472, '扭角羚、云豹等珍稀动物', '野生动物', '国家级', '20020903', '林业');
INSERT INTO `detaileddata` VALUES ('陕14', '黄柏塬', '太白县', 21865, '大熊猫及其栖息地', '野生动物', '国家级', '20061230', '林业');
INSERT INTO `detaileddata` VALUES ('陕16', '太白山', '太白县、眉县、周至县', 56325, '森林生态系统、大熊猫、金丝猴、扭角羚等', '森林生态', '国家级', '19650908', '林业');
INSERT INTO `detaileddata` VALUES ('陕17', '太白湑水河', '太白县', 5343, '大鲵、细鳞鲑、哲罗鲑等水生动物', '野生动物', '国家级', '19901126', '农业');
INSERT INTO `detaileddata` VALUES ('陕24', '韩城黄龙山褐马鸡', '韩城市', 37756, '褐马鸡及其生境', '野生动物', '国家级', '20010825', '林业');
INSERT INTO `detaileddata` VALUES ('陕28', '陕西子午岭', '富县', 40621, '森林生态系统及豹、黑鹳、金雕等濒危动物', '森林生态', '国家级', '19990209', '林业');
INSERT INTO `detaileddata` VALUES ('陕30', '延安黄龙山褐马鸡', '黄龙县、宜川县', 81753, '褐马鸡及其生境', '野生动物', '国家级', '20011218', '林业');
INSERT INTO `detaileddata` VALUES ('陕31', '汉中朱鹮', '洋县、城固县', 37549, '朱鹮及其生境', '野生动物', '国家级', '19830314', '林业');
INSERT INTO `detaileddata` VALUES ('陕32', '长青', '洋县', 29906, '大熊猫、扭角羚、林麝等珍稀动物及其生境', '野生动物', '国家级', '19941214', '林业');
INSERT INTO `detaileddata` VALUES ('陕33', '陕西米仓山', '西乡县', 34192, '森林生态系统及珍稀动植物', '森林生态', '国家级', '20020826', '林业');
INSERT INTO `detaileddata` VALUES ('陕35', '青木川', '宁强县', 10200, '金丝猴、扭角羚、大熊猫等珍稀动物', '野生动物', '国家级', '20030521', '林业');
INSERT INTO `detaileddata` VALUES ('陕37', '略阳珍稀水生动物', '略阳县', 3415, '大鲵等珍稀水生动物及其生境', '野生动物', '国家级', '20020618', '林业');
INSERT INTO `detaileddata` VALUES ('陕38', '桑园', '留坝县', 13806, '大熊猫及栖息生境', '野生动物', '国家级', '20020826', '林业');
INSERT INTO `detaileddata` VALUES ('陕40', '佛坪', '佛坪县', 29240, '大熊猫、金丝猴、扭角羚等野生动物及森林', '野生动物', '国家级', '19781215', '林业');
INSERT INTO `detaileddata` VALUES ('陕41', '观音山', '佛坪县', 13534, '大熊猫及其生境', '野生动物', '国家级', '20030617', '林业');
INSERT INTO `detaileddata` VALUES ('陕50', '平河梁', '宁陕县', 21152, '大熊猫、扭角羚、金丝猴、林麝等野生动物', '野生动物', '国家级', '20061230', '林业');
INSERT INTO `detaileddata` VALUES ('陕51', '天华山', '宁陕县', 25485, '大熊猫、金丝猴、扭角羚等野生动物及其生', '野生动物', '国家级', '20030617', '林业');
INSERT INTO `detaileddata` VALUES ('陕52', '化龙山', '镇坪县、平利县', 28103, '森林植物、野生动物', '森林生态', '国家级', '20011120', '林业');
INSERT INTO `detaileddata` VALUES ('陕60', '牛背梁', '柞水县、西安市长安区', 16418, '扭角羚等珍稀动物及其栖息地', '野生动物', '国家级', '19801001', '林业');
INSERT INTO `detaileddata` VALUES ('青01', '大通北川河源区', '大通回族土族自治县', 107870, '高原森林生态系统及白唇鹿、冬虫夏草等珍', '森林生态', '国家级', '20051017', '林业');
INSERT INTO `detaileddata` VALUES ('青02', '循化孟达', '循化撒拉族自治县', 17290, '森林生态系统及珍稀生物物种', '森林生态', '国家级', '19800403', '林业');
INSERT INTO `detaileddata` VALUES ('青04', '青海湖', '刚察县、共和县、海晏', 495200, '黑颈鹤、斑头雁、棕头鸥等水禽及湿地生态', '野生动物', '国家级', '19750821', '林业');
INSERT INTO `detaileddata` VALUES ('青05', '隆宝', '玉树县', 10000, '黑颈鹤、天鹅等水禽及草甸生态系统', '野生动物', '国家级', '19840801', '林业');
INSERT INTO `detaileddata` VALUES ('青06', '三江源', '玉树县、囊谦县、杂多', 15230000, '珍稀动物及湿地、森林、高寒草甸等', '内陆湿地', '国家级', '20000523', '林业');
INSERT INTO `detaileddata` VALUES ('青07', '可可西里', '治多县', 4500000, '藏羚羊、野牦牛等动物及高原生态系统', '野生动物', '国家级', '19951005', '林业');
INSERT INTO `detaileddata` VALUES ('青09', '柴达木梭梭林', '德令哈市、乌兰县、都', 373391, '以梭梭为主的荒漠植被类型', '荒漠生态', '国家级', '20000523', '林业');
INSERT INTO `detaileddata` VALUES ('鲁09', '马山', '即墨市', 774, '柱状节理石柱、硅化木等地质遗迹', '地质遗迹', '国家级', '19930113', '环保');
INSERT INTO `detaileddata` VALUES ('鲁15', '黄河三角洲', '东营市垦利县、利津县', 153000, '河口湿地生态系统及珍禽', '海洋海岸', '国家级', '19901227', '林业');
INSERT INTO `detaileddata` VALUES ('鲁20', '昆嵛山', '烟台市牟平区、文登市', 15416.5, '森林及野生动植物', '森林生态', '国家级', '19990301', '林业');
INSERT INTO `detaileddata` VALUES ('鲁25', '长岛', '长岛县', 5300, '鹰、隼等猛禽及候鸟栖息地', '野生动物', '国家级', '19820315', '林业');
INSERT INTO `detaileddata` VALUES ('鲁40', '山旺古生物化石', '临朐县', 120, '古生物化石', '古生物遗迹', '国家级', '19800117', '国土');
INSERT INTO `detaileddata` VALUES ('鲁56', '荣成大天鹅', '荣成市', 1675, '大天鹅等珍禽及其生境', '野生动物', '国家级', '19821201', '林业');
INSERT INTO `detaileddata` VALUES ('鲁82', '滨州贝壳堤岛与湿地', '无棣县', 43541.54, '贝壳堤岛、湿地、珍稀鸟类、海洋生物', '海洋海岸', '国家级', '19991018', '海洋');
INSERT INTO `detaileddata` VALUES ('黑101', '新青白头鹤', '伊春市新青区', 62567, '白头鹤、驼鹿等珍稀动物及北温带森林生态', '野生动物', '国家级', '20040427', '林业');
INSERT INTO `detaileddata` VALUES ('黑103', '丰林', '伊春市五营区', 18400, '为以红松为主的北温带针阔叶混交林生态系', '森林生态', '国家级', '19580614', '林业');
INSERT INTO `detaileddata` VALUES ('黑109', '凉水', '伊春市带岭区', 12133, '以红松为主的温带针阔叶混交林及其生态系', '森林生态', '国家级', '19800707', '林业');
INSERT INTO `detaileddata` VALUES ('黑110', '乌伊岭', '伊春市乌伊岭区', 43824, '温带森林森林生态系统、沼泽湿地生态系统', '内陆湿地', '国家级', '19990101', '林业');
INSERT INTO `detaileddata` VALUES ('黑112', '红星湿地', '伊春市红星区', 111995, '温带森林湿地生态系统', '内陆湿地', '国家级', '20010801', '林业');
INSERT INTO `detaileddata` VALUES ('黑116', '茅兰沟', '嘉荫县', 35868, '温带森林生态系统及原麝、中华秋沙鸭、红', '森林生态', '国家级', '19991228', '林业');
INSERT INTO `detaileddata` VALUES ('黑131', '三江', '抚远县、同江市', 198089, '湿地生态系统及东方白鹳等珍禽', '内陆湿地', '国家级', '19940919', '林业');
INSERT INTO `detaileddata` VALUES ('黑132', '八岔岛', '同江市', 32014, '湿地水域生态系统及珍稀动物', '内陆湿地', '国家级', '19991001', '环保');
INSERT INTO `detaileddata` VALUES ('黑133', '洪河', '同江市', 21835, '沼泽湿地生态系统及丹顶鹤、白鹤、白头鹤', '内陆湿地', '国家级', '19840111', '环保');
INSERT INTO `detaileddata` VALUES ('黑139', '挠力河', '富锦市、宝清县、饶河', 160595.4, '沼泽湿地生态系统及水禽', '内陆湿地', '国家级', '19981204', '环保');
INSERT INTO `detaileddata` VALUES ('黑140', '三环泡', '富锦市', 27687, '湿地生态系统及丹顶鹤、天鹅、小叶樟', '内陆湿地', '国家级', '19910701', '林业');
INSERT INTO `detaileddata` VALUES ('黑145', '老爷岭东北虎', '东宁县', 71278, '东北虎、东北豹、猎物种群及温带山地森林', '野生动物', '国家级', '20111223', '林业');
INSERT INTO `detaileddata` VALUES ('黑146', '牡丹峰', '牡丹江市东安区', 19468, '原始森林', '森林生态', '国家级', '19810505', '林业');
INSERT INTO `detaileddata` VALUES ('黑160', '小北湖', '宁安市', 20834, '红松林生态系统及原麝、紫貂等珍稀动植物', '森林生态', '国家级', '20061226', '林业');
INSERT INTO `detaileddata` VALUES ('黑162', '穆棱东北红豆杉', '穆棱市', 35648, '东北红豆杉及其森林生态系统', '野生植物', '国家级', '20040701', '林业');
INSERT INTO `detaileddata` VALUES ('黑167', '胜山', '黑河市爱辉区', 60000, '我国最北端的温带森林生态系统和红松、驼', '森林生态', '国家级', '20030211', '林业');
INSERT INTO `detaileddata` VALUES ('黑174', '中央站黑嘴松鸡', '嫩江县', 46743, '黑嘴松鸡等珍稀野生动植物以及寒温带针叶', '野生动物', '国家级', '20061226', '林业');
INSERT INTO `detaileddata` VALUES ('黑188', '大沾河湿地', '五大连池市', 211618, '小兴安岭林区森林湿地生态系统,白头鹤等', '水内陆湿地', '国家级', '20010801', '林业');
INSERT INTO `detaileddata` VALUES ('黑192', '五大连池', '五大连池市', 100800, '火山地质遗迹及矿泉水资源', '地质遗迹', '国家级', '19800329', '国土');
INSERT INTO `detaileddata` VALUES ('黑207', '明水', '明水县', 30840, '平原沼泽湿地生态系统及大鸨等珍稀野生动', '内陆湿地', '国家级', '20070608', '林业');
INSERT INTO `detaileddata` VALUES ('黑222', '绰纳河', '呼玛县', 105580, '寒温带针叶林与温带针阔叶混交林', '内陆湿地', '国家级', '20020910', '林业');
INSERT INTO `detaileddata` VALUES ('黑226', '呼中', '大兴安岭地区', 167213, '寒温带针叶落叶林生态系统及野生动植物', '森林生态', '国家级', '19840509', '林业');
INSERT INTO `detaileddata` VALUES ('黑229', '多布库尔', '加格达奇区', 128959, '寒温带湿地生态系统及野生动植物', '内陆湿地', '国家级', '20020101', '林业');
INSERT INTO `detaileddata` VALUES ('黑230', '南瓮河', '大兴安岭地区松岭区', 229523, '森林、沼泽、草甸和水域生态系统以及珍稀', '内陆湿地', '国家级', '19991215', '林业');
INSERT INTO `detaileddata` VALUES ('黑236', '黑龙江双河', '塔河县', 88849, '寒温带森林生态系统、森林沼泽系统及濒危', '森林生态', '国家级', '20020910', '林业');
INSERT INTO `detaileddata` VALUES ('黑29', '黑龙江大峡谷', '五常市', 24998, '典型的东北山地森林生态系统及东北红豆杉', '森林生态', '国家级', '20101229', '林业');
INSERT INTO `detaileddata` VALUES ('黑32', '扎龙', '齐齐哈尔市铁锋区、昂', 210000, '丹顶鹤等珍禽及湿地生态系统', '野生动物', '国家级', '19870418', '林业');
INSERT INTO `detaileddata` VALUES ('黑43', '乌裕尔河', '富裕县', 55423, '湿地生态系统及丹顶鹤、老鸨等珍稀水禽', '内陆湿地', '国家级', '19920101', '林业');
INSERT INTO `detaileddata` VALUES ('黑54', '黑龙江凤凰山', '鸡东县', 26570, '兴凯松林、东北红豆杉、松茸等野生动植物', '森林生态', '国家级', '19890403', '林业');
INSERT INTO `detaileddata` VALUES ('黑56', '东方红湿地', '虎林市', 31516, '湿地生态系统和濒危动植物', '内陆湿地', '国家级', '20010801', '林业');
INSERT INTO `detaileddata` VALUES ('黑59', '珍宝岛湿地', '虎林市', 44364, '湿地生态系统和珍稀濒危动植物', '内陆湿地', '国家级', '20020415', '林业');
INSERT INTO `detaileddata` VALUES ('黑61', '兴凯湖', '密山市', 222488, '湿地生态系统及丹顶鹤等珍稀鸟类', '内陆湿地', '国家级', '19860405', '林业');
INSERT INTO `detaileddata` VALUES ('黑63', '太平沟', '萝北县', 22199, '温带森林生态系统及黑熊、棕熊等珍稀野生', '森林生态', '国家级', '20091230', '林业');
INSERT INTO `detaileddata` VALUES ('黑76', '宝清七星河', '宝清县', 20000, '湿地生态系统及珍稀水禽', '内陆湿地', '国家级', '19911017', '环保');
INSERT INTO `detaileddata` VALUES ('黑79', '饶河东北黑蜂', '饶河县', 270000, '东北黑蜂蜂种及蜜源植物', '野生动物', '国家级', '19800508', '环保');
INSERT INTO `detaileddata` VALUES ('黑99', '友好', '伊春市友好区', 60687, '森林沼泽生态系统及珍稀动植物', '内陆湿地', '国家级', '20010901', '林业');
INSERT INTO `detaileddata` VALUES ('黔08', '宽阔水', '绥阳县', 26231, '中亚热带常绿阔叶林', '森林生态', '国家级', '19891230', '林业');
INSERT INTO `detaileddata` VALUES ('黔108', '茂兰', '荔波县', 20000, '喀斯特森林生态系统', '森林生态', '国家级', '19840101', '林业');
INSERT INTO `detaileddata` VALUES ('黔16', '习水中亚热带常绿阔叶林', '习水县', 48666, '中亚热带常绿阔叶林及野生动植物', '森林生态', '国家级', '19920301', '林业');
INSERT INTO `detaileddata` VALUES ('黔17', '赤水桫椤', '赤水市', 13300, '桫椤、小黄花茶等野生植物', '野生植物', '国家级', '19840911', '环保');
INSERT INTO `detaileddata` VALUES ('黔28', '威宁草海', '威宁彝族回族苗族自治', 12000, '高原湿地生态系统及黑颈鹤等', '内陆湿地', '国家级', '19850201', '林业');
INSERT INTO `detaileddata` VALUES ('黔31', '梵净山', '江口县、印江土家族苗', 41900, '森林生态系统及黔金丝猴珍稀动植物', '森林生态', '国家级', '19780101', '林业');
INSERT INTO `detaileddata` VALUES ('黔37', '麻阳河', '沿河土家族自治县、务', 31113, '黑叶猴等珍稀动物及其生境', '野生动物', '国家级', '19870926', '林业');
INSERT INTO `detaileddata` VALUES ('黔94', '雷公山', '雷山县、台江县、剑河', 47300, '中亚热带森林及秃杉等珍稀植物', '森林生态', '国家级', '19820612', '林业');

-- ----------------------------
-- Table structure for image
-- ----------------------------
DROP TABLE IF EXISTS `image`;
CREATE TABLE `image`  (
  `id` int(0) NOT NULL AUTO_INCREMENT,
  `path` varchar(255) CHARACTER SET utf8mb4 COLLATE utf8mb4_0900_ai_ci NOT NULL,
  `userId` int(0) NOT NULL,
  `longitude` double NULL DEFAULT NULL,
  `latitude` double NULL DEFAULT NULL,
  PRIMARY KEY (`id`) USING BTREE,
  INDEX `userId`(`userId`) USING BTREE,
  CONSTRAINT `image_ibfk_1` FOREIGN KEY (`userId`) REFERENCES `user` (`id`) ON DELETE RESTRICT ON UPDATE RESTRICT
) ENGINE = InnoDB AUTO_INCREMENT = 54 CHARACTER SET = utf8mb4 COLLATE = utf8mb4_0900_ai_ci ROW_FORMAT = Dynamic;

-- ----------------------------
-- Records of image
-- ----------------------------
INSERT INTO `image` VALUES (41, 'F:\\java项目\\lbs-master\\assets\\images\\1715777775838.png', 8, 114.36243553128142, 30.533480256167053);
INSERT INTO `image` VALUES (43, 'F:\\java项目\\lbs-master\\assets\\images\\1715782705034.png', 6, 114.35980531331938, 30.53298135789007);
INSERT INTO `image` VALUES (46, 'F:\\java项目\\lbs-master\\assets\\images\\1715783211625.png', 7, 114.36217580995846, 30.53296246186859);
INSERT INTO `image` VALUES (47, 'F:\\java项目\\lbs-master\\assets\\images\\1715783851145.png', 2, 114.36086255952664, 30.531933419139037);
INSERT INTO `image` VALUES (48, 'F:\\java项目\\lbs-master\\assets\\images\\1716060304734.jpg', 8, 114.36111270311618, 30.533146119897427);
INSERT INTO `image` VALUES (49, 'F:\\java项目\\lbs-master\\assets\\images\\1716065396971.png', 8, 114.36177969495726, 30.533278231491394);
INSERT INTO `image` VALUES (51, 'F:\\java项目\\lbs-master\\assets\\images\\1716079527242.jpg', 7, 114.3609378731911, 30.534244926445552);
INSERT INTO `image` VALUES (52, 'F:\\java项目\\lbs-master\\assets\\images\\1716079922603.jpg', 9, 114.36968569387784, 30.545720080204948);
INSERT INTO `image` VALUES (53, 'F:\\java项目\\lbs-master\\assets\\images\\1716080007886.jpg', 9, 114.3705644989718, 30.54582395323934);
INSERT INTO `image` VALUES (54, 'F:\\java项目\\lbs-master\\assets\\images\\1716080211089.jpg', 9, 114.37000269304654, 30.546115482905932);
INSERT INTO `image` VALUES (55, 'F:\\java项目\\lbs-master\\assets\\images\\1716080290039.jpg', 9, 114.37290370421641, 30.544002857307547);
INSERT INTO `image` VALUES (56, 'F:\\java项目\\lbs-master\\assets\\images\\1716080349943.jpg', 9, 114.36460191368488, 30.539750376773352);
INSERT INTO `image` VALUES (57, 'F:\\java项目\\lbs-master\\assets\\images\\1716080423750.jpg', 9, 114.36515666602544, 30.540544459472464);
INSERT INTO `image` VALUES (58, 'F:\\java项目\\lbs-master\\assets\\images\\1716080572438.jpg', 10, 114.36454941662106, 30.53335044255149);
INSERT INTO `image` VALUES (59, 'F:\\java项目\\lbs-master\\assets\\images\\1716080649567.jpg', 10, 114.3661943830709, 30.552294187661968);
INSERT INTO `image` VALUES (60, 'F:\\java项目\\lbs-master\\assets\\images\\1716080734753.jpg', 10, 114.42241459751786, 30.514941552323137);
INSERT INTO `image` VALUES (61, 'F:\\java项目\\lbs-master\\assets\\images\\1716080771299.jpg', 10, 114.41749288529314, 30.52040590187918);
INSERT INTO `image` VALUES (62, 'F:\\java项目\\lbs-master\\assets\\images\\1716080893862.jpg', 11, 114.36490454760101, 30.525379987966364);
INSERT INTO `image` VALUES (63, 'F:\\java项目\\lbs-master\\assets\\images\\1716080926135.jpg', 11, 114.36888184438376, 30.522780418332328);
INSERT INTO `image` VALUES (64, 'F:\\java项目\\lbs-master\\assets\\images\\1716081321100.png', 8, 114.36180810135127, 30.533656486030193);

-- ----------------------------
-- Table structure for reservedata
-- ----------------------------
DROP TABLE IF EXISTS `reservedata`;
CREATE TABLE `reservedata`  (
  `id` int(0) NOT NULL AUTO_INCREMENT,
  `name` varchar(255) CHARACTER SET utf8mb4 COLLATE utf8mb4_0900_ai_ci NULL DEFAULT NULL,
  `code` varchar(50) CHARACTER SET utf8mb4 COLLATE utf8mb4_0900_ai_ci NULL DEFAULT NULL,
  `latitude` double NULL DEFAULT NULL,
  `longitude` double NULL DEFAULT NULL,
  PRIMARY KEY (`id`) USING BTREE
) ENGINE = InnoDB AUTO_INCREMENT = 430 CHARACTER SET = utf8mb4 COLLATE = utf8mb4_0900_ai_ci ROW_FORMAT = Dynamic;

-- ----------------------------
-- Records of reservedata
-- ----------------------------
INSERT INTO `reservedata` VALUES (1, '托木尔峰', '新12', 41.5712752759, 80.7623843899);
INSERT INTO `reservedata` VALUES (2, '巴尔鲁克山', '新22', 45.7382486020813, 82.7437303380265);
INSERT INTO `reservedata` VALUES (3, '西天山', '新19', 43.0262570537, 82.8194222154999);
INSERT INTO `reservedata` VALUES (4, '艾比湖湿地', '新05', 44.7766446405999, 83.2216604929);
INSERT INTO `reservedata` VALUES (5, '甘家湖梭梭林', '新21', 44.8843763803999, 83.6469249841999);
INSERT INTO `reservedata` VALUES (6, '巴音布鲁克', '新11', 42.9271665926999, 84.1728894243999);
INSERT INTO `reservedata` VALUES (7, '塔里木胡杨', '新08', 41.3582579370999, 84.2906052612);
INSERT INTO `reservedata` VALUES (8, '羌塘', '藏36', 31.5817717384, 87.3611857008999);
INSERT INTO `reservedata` VALUES (9, '哈纳斯', '新24', 49.0181962051999, 87.440502397);
INSERT INTO `reservedata` VALUES (10, '珠穆朗玛峰', '藏32', 28.9484628235, 87.4436605663999);
INSERT INTO `reservedata` VALUES (11, '阿尔金山', '新09', 36.7350967961999, 88.8789638764999);
INSERT INTO `reservedata` VALUES (12, '色林错', '藏37', 31.5178005568999, 89.1394103509999);
INSERT INTO `reservedata` VALUES (13, '罗布泊野骆驼', '新07', 40.2455736629, 90.7835796735);
INSERT INTO `reservedata` VALUES (14, '拉鲁湿地', '藏01', 29.6653645998999, 91.1009494524);
INSERT INTO `reservedata` VALUES (15, '安南坝野骆驼', '甘23', 39.346413573, 93.0317947520999);
INSERT INTO `reservedata` VALUES (16, '可可西里', '青07', 35.4183544156, 93.4571673779);
INSERT INTO `reservedata` VALUES (17, '敦煌阳关', '甘31', 39.9578317598, 94.1792728637);
INSERT INTO `reservedata` VALUES (18, '雅鲁藏布江中游河谷黑颈鹤', '藏03', 29.7193023958, 94.7997177696999);
INSERT INTO `reservedata` VALUES (19, '雅鲁藏布大峡谷', '藏46', 29.5286196700999, 94.8856505178);
INSERT INTO `reservedata` VALUES (20, '敦煌西湖', '甘29', 40.5421007929, 95.0608913451);
INSERT INTO `reservedata` VALUES (21, '盐池湾', '甘22', 39.0207852631999, 96.0712431088);
INSERT INTO `reservedata` VALUES (22, '安西极旱荒漠', '甘19', 40.0388790439999, 96.2979351007);
INSERT INTO `reservedata` VALUES (23, '类乌齐马鹿', '藏17', 31.3519301607, 96.3289601686);
INSERT INTO `reservedata` VALUES (24, '隆宝', '青05', 33.1592925535, 96.6061860891);
INSERT INTO `reservedata` VALUES (25, '三江源', '青06', 33.0067873944, 97.2477827072);
INSERT INTO `reservedata` VALUES (26, '察隅慈巴沟', '藏47', 29.0804477142, 97.303447547);
INSERT INTO `reservedata` VALUES (27, '长沙贡玛', '川141', 32.8688785428999, 98.6113712510999);
INSERT INTO `reservedata` VALUES (28, '芒康滇金丝猴', '藏23', 29.2972833438999, 98.6873377609999);
INSERT INTO `reservedata` VALUES (29, '高黎贡山', '滇44', 25.4593230999999, 98.7608464833);
INSERT INTO `reservedata` VALUES (30, '乌蒙山', '滇55', 27.672895, 104.017594);
INSERT INTO `reservedata` VALUES (31, '白马雪山', '滇159', 28.3347124484999, 99.0792184783999);
INSERT INTO `reservedata` VALUES (32, '南滚河', '滇83', 23.2821229617999, 99.0947627326);
INSERT INTO `reservedata` VALUES (33, '察青松多白唇鹿', '川138', 31.0453646134, 99.2765496595);
INSERT INTO `reservedata` VALUES (34, '云龙天池', '滇142', 25.8689500989, 99.2819935156);
INSERT INTO `reservedata` VALUES (35, '张掖黑河湿地', '甘16', 39.7196350167, 99.5374850297999);
INSERT INTO `reservedata` VALUES (36, '永德大雪山', '滇81', 24.0943388353999, 99.6173794178999);
INSERT INTO `reservedata` VALUES (37, '青海湖', '青04', 36.9947003743999, 99.8257956794);
INSERT INTO `reservedata` VALUES (38, '苍山洱海', '滇125', 25.8209112697, 100.181379889);
INSERT INTO `reservedata` VALUES (39, '海子山', '川146', 29.4511580110999, 100.191594823);
INSERT INTO `reservedata` VALUES (40, '亚丁', '川153', 28.5576907613, 100.323771491);
INSERT INTO `reservedata` VALUES (41, '无量山', '滇71', 24.8389734229999, 100.415050752);
INSERT INTO `reservedata` VALUES (42, '纳板河流域', '滇119', 21.90683282759837, 100.903878724968);
INSERT INTO `reservedata` VALUES (43, '西双版纳', '滇120', 22.0882700429, 100.949139966999);
INSERT INTO `reservedata` VALUES (44, '格西沟', '川118', 30.0362184624999, 100.995978287);
INSERT INTO `reservedata` VALUES (45, '哀牢山', '滇84', 24.7156375910999, 101.046276611);
INSERT INTO `reservedata` VALUES (46, '额济纳胡杨林', '蒙180', 42.0092736090999, 101.222361281999);
INSERT INTO `reservedata` VALUES (47, '新乡黄河湿地鸟类', '豫09', 34.97787417434403, 114.7479011915088);
INSERT INTO `reservedata` VALUES (48, '攀枝花苏铁', '川09', 26.6145235943, 101.592781188999);
INSERT INTO `reservedata` VALUES (49, '柴达木梭梭林', '青09', 37.12522670396177, 96.38134925332584);
INSERT INTO `reservedata` VALUES (50, '贡嘎山', '川112', 29.5848996683, 101.880967858999);
INSERT INTO `reservedata` VALUES (51, '元江', '滇43', 23.6052270254, 102.017449501);
INSERT INTO `reservedata` VALUES (52, '黄连山', '滇108', 22.9494775341, 102.082016981);
INSERT INTO `reservedata` VALUES (53, '黄河首曲', '甘58', 33.455029, 102.444611);
INSERT INTO `reservedata` VALUES (54, '尕海－则岔', '甘60', 34.2400753725, 102.304280077);
INSERT INTO `reservedata` VALUES (55, '漳县珍稀水生动物', '甘36', 34.91828835831883, 104.1740963663278);
INSERT INTO `reservedata` VALUES (56, '循化孟达', '青02', 35.8198701994, 102.694382022);
INSERT INTO `reservedata` VALUES (57, '轿子山', '滇01', 26.0819799720153, 102.865700051084);
INSERT INTO `reservedata` VALUES (58, '连城', '甘01', 36.5262751914, 102.866655071);
INSERT INTO `reservedata` VALUES (59, '蜂桶寨', '川74', 30.5661354377, 102.877778811);
INSERT INTO `reservedata` VALUES (60, '小金四姑娘山', '川98', 31.1146081521999, 102.886115426999);
INSERT INTO `reservedata` VALUES (61, '栗子坪', '川70', 28.98093569364791, 102.2789702911695);
INSERT INTO `reservedata` VALUES (62, '若尔盖湿地', '川108', 33.5924805655999, 102.921579222999);
INSERT INTO `reservedata` VALUES (63, '药山', '滇52', 27.373640622, 102.963784012);
INSERT INTO `reservedata` VALUES (64, '黑竹沟', '川53', 29.0416267879999, 103.007808438);
INSERT INTO `reservedata` VALUES (65, '卧龙', '川87', 31.0308537149, 103.181319591);
INSERT INTO `reservedata` VALUES (66, '美姑大风顶', '川167', 28.5252405576999, 103.230869872);
INSERT INTO `reservedata` VALUES (67, '金平分水岭', '滇107', 22.9101687605, 103.2350613);
INSERT INTO `reservedata` VALUES (68, '太子山', '甘50', 35.2566873920999, 103.240717407);
INSERT INTO `reservedata` VALUES (69, '会泽黑颈鹤', '滇26', 26.7066244272, 103.284682543);
INSERT INTO `reservedata` VALUES (70, '民勤连古城', '甘11', 38.8434152744, 103.287145171);
INSERT INTO `reservedata` VALUES (71, '大山包黑颈鹤', '滇49', 27.4039033486999, 103.318080847999);
INSERT INTO `reservedata` VALUES (72, '马边大风顶', '川54', 28.6634975861999, 103.387144293);
INSERT INTO `reservedata` VALUES (73, '洮河', '甘54', 34.5888434841, 103.49438201);
INSERT INTO `reservedata` VALUES (74, '龙溪－虹口', '川04', 31.3514828715999, 103.645680416999);
INSERT INTO `reservedata` VALUES (75, '九寨沟', '川95', 33.1337330838, 103.835746953);
INSERT INTO `reservedata` VALUES (76, '白水河', '川05', 31.3001124138999, 103.863783256999);
INSERT INTO `reservedata` VALUES (77, '雪宝顶', '川31', 32.5906729403, 103.897786313);
INSERT INTO `reservedata` VALUES (78, '兴隆山', '甘02', 35.8090015694999, 103.982613964);
INSERT INTO `reservedata` VALUES (79, '老君山', '川62', 28.7148870942, 103.996253063);
INSERT INTO `reservedata` VALUES (80, '王朗', '川30', 32.9073049467, 104.160932434);
INSERT INTO `reservedata` VALUES (81, '威宁草海', '黔28', 26.8399615866999, 104.221183857);
INSERT INTO `reservedata` VALUES (82, '小寨子沟', '川28', 32.09027982877485, 103.8768613049952);
INSERT INTO `reservedata` VALUES (83, '文山', '滇110', 23.3345271779999, 104.428999446);
INSERT INTO `reservedata` VALUES (84, '白水江', '甘41', 32.9100981051999, 104.602785483999);
INSERT INTO `reservedata` VALUES (85, '唐家河', '川41', 32.5803667403, 104.799556073999);
INSERT INTO `reservedata` VALUES (86, '金钟山黑颈长尾雉', '桂58', 24.6425689820999, 104.883754247);
INSERT INTO `reservedata` VALUES (87, '长宁竹海', '川60', 28.5033331968, 104.92215623);
INSERT INTO `reservedata` VALUES (88, '沙坡头', '宁12', 37.4864855200999, 105.01869293);
INSERT INTO `reservedata` VALUES (89, '画稿溪', '川16', 28.2519728283, 105.560722431);
INSERT INTO `reservedata` VALUES (90, '青木川', '陕35', 32.8627440452999, 105.568305588);
INSERT INTO `reservedata` VALUES (91, '秦州珍稀水生野生动物', '甘09', 34.16704530856372, 105.8625950075905);
INSERT INTO `reservedata` VALUES (92, '南华山', '宁14', 36.40271995317, 105.627870009031);
INSERT INTO `reservedata` VALUES (93, '火石寨丹霞地貌', '宁09', 36.1263710113824, 105.779153262734);
INSERT INTO `reservedata` VALUES (94, '长江上游珍稀、特有鱼类', '川01', 28.8947547833, 105.87630799);
INSERT INTO `reservedata` VALUES (95, '内蒙古贺兰山', '蒙176', 38.9391671518, 105.927144341);
INSERT INTO `reservedata` VALUES (96, '赤水桫椤', '黔17', 28.4446598880999, 106.017804918);
INSERT INTO `reservedata` VALUES (97, '布尔根河狸', '新28', 46.15448084007785, 90.49703569892033);
INSERT INTO `reservedata` VALUES (98, '略阳珍稀水生动物', '陕37', 33.42954605279974, 106.3580299080864);
INSERT INTO `reservedata` VALUES (99, '六盘山', '宁10', 35.6807646574999, 106.219926273);
INSERT INTO `reservedata` VALUES (100, '雅长兰科植物', '桂53', 24.8357150229999, 106.241856211);
INSERT INTO `reservedata` VALUES (101, '小陇山', '甘48', 34.0548282183999, 106.259878711);
INSERT INTO `reservedata` VALUES (102, '习水中亚热带常绿阔叶林', '黔16', 28.4640938424, 106.299455395);
INSERT INTO `reservedata` VALUES (103, '邦亮长臂猿', '桂45', 22.95056652301044, 106.575465449265);
INSERT INTO `reservedata` VALUES (104, '缙云山', '渝06', 29.8686626673999, 106.349132439);
INSERT INTO `reservedata` VALUES (105, '云雾山', '宁07', 36.2391891454021, 106.391350547879);
INSERT INTO `reservedata` VALUES (106, '岑王老山', '桂54', 24.5001591296999, 106.396527554);
INSERT INTO `reservedata` VALUES (107, '乌拉特梭梭林－蒙古野驴', '蒙131', 42.0584890064, 106.4265451);
INSERT INTO `reservedata` VALUES (108, '米仓山', '川37', 32.6148287444, 106.475472475999);
INSERT INTO `reservedata` VALUES (109, '太统－崆峒山', '甘17', 35.5433628215999, 106.519193333999);
INSERT INTO `reservedata` VALUES (110, '五里坡', '渝47', 31.37839504008735, 109.9607695511658);
INSERT INTO `reservedata` VALUES (111, '哈腾套海', '蒙126', 40.5175219627, 106.538923641);
INSERT INTO `reservedata` VALUES (112, '陇县秦岭细鳞鲑', '陕10', 34.7228935381, 106.676417994999);
INSERT INTO `reservedata` VALUES (113, '灵武白芨滩', '宁02', 38.0728240051999, 106.678578824);
INSERT INTO `reservedata` VALUES (114, '紫柏山', '陕13', 33.7026128242, 106.714180154999);
INSERT INTO `reservedata` VALUES (115, '弄岗', '桂76', 22.4684998496, 106.963144438);
INSERT INTO `reservedata` VALUES (116, '观音山', '陕41', 33.57265851737775, 107.7289614412788);
INSERT INTO `reservedata` VALUES (117, '哈巴湖', '宁05', 37.7338451159999, 107.085753907);
INSERT INTO `reservedata` VALUES (118, '金佛山', '渝22', 29.0910641215, 107.148692985);
INSERT INTO `reservedata` VALUES (119, '诺水河珍稀水生动物', '川76', 32.3719842854999, 107.181652618);
INSERT INTO `reservedata` VALUES (120, '宽阔水', '黔08', 28.2491122198, 107.203787146);
INSERT INTO `reservedata` VALUES (121, '千佛山', '川26', 31.742846, 104.211098);
INSERT INTO `reservedata` VALUES (122, '桑园', '陕38', 33.7390007747, 107.270736154);
INSERT INTO `reservedata` VALUES (123, '崇左白头叶猴', '桂72', 22.5587251295, 107.398393881);
INSERT INTO `reservedata` VALUES (124, '鄂托克恐龙遗迹化石', '蒙90', 38.9033822466, 107.402017958);
INSERT INTO `reservedata` VALUES (125, '汉中朱鹮', '陕31', 33.4329749477999, 107.435279847999);
INSERT INTO `reservedata` VALUES (126, '西鄂尔多斯', '蒙91', 39.5155668101999, 107.483584095);
INSERT INTO `reservedata` VALUES (127, '长青', '陕32', 33.6151578751999, 107.638719335);
INSERT INTO `reservedata` VALUES (128, '太白山', '陕16', 34.0727450477999, 107.661704946);
INSERT INTO `reservedata` VALUES (129, '太白湑水河', '陕17', 33.7034000435492, 107.3742969756961);
INSERT INTO `reservedata` VALUES (130, '十万大山', '桂32', 21.9073103511, 107.913059694);
INSERT INTO `reservedata` VALUES (131, '木论', '桂67', 25.109389227, 107.928250399);
INSERT INTO `reservedata` VALUES (132, '茂兰', '黔108', 25.3207200458, 107.931744693);
INSERT INTO `reservedata` VALUES (133, '佛坪', '陕40', 33.7246445047999, 107.974045817999);
INSERT INTO `reservedata` VALUES (134, '天华山', '陕51', 33.6946007538, 108.14926975);
INSERT INTO `reservedata` VALUES (135, '花萼山', '川66', 32.0998192533206, 108.189519919308);
INSERT INTO `reservedata` VALUES (136, '周至', '陕04', 33.8427496767999, 108.192204117);
INSERT INTO `reservedata` VALUES (137, '平河梁', '陕50', 33.47469075255676, 108.4947123514328);
INSERT INTO `reservedata` VALUES (138, '山口红树林', '桂28', 21.6170602544356, 108.232672706779);
INSERT INTO `reservedata` VALUES (139, '北仑河口', '桂29', 21.6213871683, 108.233328175);
INSERT INTO `reservedata` VALUES (140, '麻阳河', '黔37', 28.6439143053999, 108.277069569);
INSERT INTO `reservedata` VALUES (141, '雷公山', '黔94', 26.3171251272, 108.312721528);
INSERT INTO `reservedata` VALUES (142, '雪宝山', '渝40', 31.5439741214, 108.417243169);
INSERT INTO `reservedata` VALUES (143, '防城金花茶', '桂30', 21.7560464327, 108.448880415);
INSERT INTO `reservedata` VALUES (144, '大明山', '桂02', 23.4780525498999, 108.457620168999);
INSERT INTO `reservedata` VALUES (145, '陕西子午岭', '陕28', 35.7647408866201, 108.52195987581);
INSERT INTO `reservedata` VALUES (146, '九万山', '桂10', 24.9942998129, 108.584844806);
INSERT INTO `reservedata` VALUES (147, '梵净山', '黔31', 27.9071097954, 108.65281745);
INSERT INTO `reservedata` VALUES (148, '老县城', '陕03', 33.79547000023057, 107.7598310869207);
INSERT INTO `reservedata` VALUES (149, '大田', '琼32', 19.1068822804, 108.790724999999);
INSERT INTO `reservedata` VALUES (150, '尖峰岭', '琼45', 18.7112766933999, 108.830560121999);
INSERT INTO `reservedata` VALUES (151, '恩城', '桂77', 22.75422796523216, 107.1242776086046);
INSERT INTO `reservedata` VALUES (152, '牛背梁', '陕60', 33.80502381, 108.938043101999);
INSERT INTO `reservedata` VALUES (153, '大巴山', '渝27', 31.8281361843, 109.004579486);
INSERT INTO `reservedata` VALUES (154, '霸王岭', '琼41', 19.13344870599433, 109.2602969534423);
INSERT INTO `reservedata` VALUES (155, '星斗山', '鄂67', 30.0302373952, 109.094926509999);
INSERT INTO `reservedata` VALUES (156, '咸丰忠建河大鲵', '鄂71', 29.7633647549, 109.237865613);
INSERT INTO `reservedata` VALUES (157, '化龙山', '陕52', 31.9932793748999, 109.330075511);
INSERT INTO `reservedata` VALUES (158, '鄂尔多斯遗鸥', '蒙84', 39.808515174, 109.339310162);
INSERT INTO `reservedata` VALUES (159, '合浦营盘港－英罗港儒艮', '桂27', 21.4470799859, 109.460653306);
INSERT INTO `reservedata` VALUES (160, '鹦哥岭', '琼40', 18.99963306623554, 109.4206329503202);
INSERT INTO `reservedata` VALUES (161, '湖南白云山', '湘117', 28.69408537179551, 109.3592941203459);
INSERT INTO `reservedata` VALUES (162, '雷州珍稀海洋生物', '粤104', 20.7086999528, 109.586355113);
INSERT INTO `reservedata` VALUES (163, '三亚珊瑚礁', '琼07', 18.2273669351999, 109.655923935999);
INSERT INTO `reservedata` VALUES (164, '五指山', '琼49', 18.9040809655999, 109.677068356);
INSERT INTO `reservedata` VALUES (165, '延安黄龙山褐马鸡', '陕30', 35.889744, 110.105157);
INSERT INTO `reservedata` VALUES (166, '七姊妹山', '鄂69', 29.8301918509999, 109.732732136);
INSERT INTO `reservedata` VALUES (167, '十八里长峡', '鄂15', 31.58833564337731, 109.8564333923115);
INSERT INTO `reservedata` VALUES (168, '八大公山', '湘44', 29.6910731155, 109.816076018);
INSERT INTO `reservedata` VALUES (169, '阴条岭', '渝49', 31.4737607343999, 109.844836743);
INSERT INTO `reservedata` VALUES (170, '内蒙古青山', '蒙153', 46.05189882971849, 121.3593397562306);
INSERT INTO `reservedata` VALUES (171, '吊罗山', '琼46', 18.6604374904, 109.916352422);
INSERT INTO `reservedata` VALUES (172, '徐闻珊瑚礁', '粤97', 20.3279830060999, 109.924454526);
INSERT INTO `reservedata` VALUES (173, '花坪', '桂21', 25.5987124928, 109.932477275);
INSERT INTO `reservedata` VALUES (174, '鹰嘴界', '湘86', 26.8546707373, 110.015876492);
INSERT INTO `reservedata` VALUES (175, '高望界', '湘119', 28.6806969422999, 110.056976269);
INSERT INTO `reservedata` VALUES (176, '堵河源', '鄂13', 31.62565269818701, 109.9894148316997);
INSERT INTO `reservedata` VALUES (177, '黄桑', '湘19', 26.4583200299999, 110.13710087);
INSERT INTO `reservedata` VALUES (178, '木林子', '鄂74', 30.0690147625, 110.174165286);
INSERT INTO `reservedata` VALUES (179, '金童山', '湘21', 26.1546206564642, 110.20598009557);
INSERT INTO `reservedata` VALUES (180, '大瑶山', '桂70', 24.3513891833999, 110.276237782);
INSERT INTO `reservedata` VALUES (181, '韩城黄龙山褐马鸡', '陕24', 35.6778697636, 110.277237942);
INSERT INTO `reservedata` VALUES (182, '小溪', '湘122', 28.8003073384, 110.283184773);
INSERT INTO `reservedata` VALUES (183, '黄柏塬', '陕14', 33.80961444015918, 107.5173139621946);
INSERT INTO `reservedata` VALUES (184, '神农架', '鄂77', 31.4321397985, 110.334106382);
INSERT INTO `reservedata` VALUES (185, '猫儿山', '桂17', 25.8301294971, 110.357358012);
INSERT INTO `reservedata` VALUES (186, '借母溪', '湘82', 28.7753683129, 110.404026304);
INSERT INTO `reservedata` VALUES (187, '大洲岛', '琼25', 18.660279862111, 110.486979970651);
INSERT INTO `reservedata` VALUES (188, '小秦岭', '豫13', 34.43216202, 110.504471347);
INSERT INTO `reservedata` VALUES (189, '张家界大鲵', '湘38', 29.3339840953, 110.548978231);
INSERT INTO `reservedata` VALUES (190, '东寨港', '琼02', 19.9479291482, 110.579660633);
INSERT INTO `reservedata` VALUES (191, '湛江红树林', '粤88', 21.2633686223, 110.615032974);
INSERT INTO `reservedata` VALUES (192, '五峰后河', '鄂27', 30.0784136727, 110.623847874);
INSERT INTO `reservedata` VALUES (193, '赛武当', '鄂08', 32.444129607, 110.650623515);
INSERT INTO `reservedata` VALUES (194, '壶瓶山', '湘32', 30.0057712854, 110.676773732);
INSERT INTO `reservedata` VALUES (195, '青龙山恐龙蛋化石群', '鄂10', 32.8059084005, 110.719318898);
INSERT INTO `reservedata` VALUES (196, '六步溪', '湘50', 28.3609003356999, 110.894520016);
INSERT INTO `reservedata` VALUES (197, '七冲', '桂62', 24.31331772862271, 110.8214231499299);
INSERT INTO `reservedata` VALUES (198, '东安舜皇山', '湘68', 26.3652290745493, 111.015150275697);
INSERT INTO `reservedata` VALUES (199, '铜鼓岭', '琼22', 19.6706992772, 111.015684093);
INSERT INTO `reservedata` VALUES (200, '千家洞', '桂20', 25.5446051197, 111.121386627);
INSERT INTO `reservedata` VALUES (201, '五鹿山', '晋40', 36.4482920553, 111.153436037);
INSERT INTO `reservedata` VALUES (202, '云开山', '粤132', 22.28612, 111.221051);
INSERT INTO `reservedata` VALUES (203, '黑茶山', '晋44', 38.2358601732999, 111.277571505);
INSERT INTO `reservedata` VALUES (204, '永州都庞岭', '湘74', 25.4156840443999, 111.325172699);
INSERT INTO `reservedata` VALUES (205, '乌云界', '湘31', 28.5592583602999, 111.368895865);
INSERT INTO `reservedata` VALUES (206, '庞泉沟', '晋43', 37.8589901132, 111.474925598);
INSERT INTO `reservedata` VALUES (207, '丹江湿地', '豫20', 32.9377054663999, 111.484523897);
INSERT INTO `reservedata` VALUES (208, '大桂山鳄蜥', '桂60', 24.09327468318078, 111.6048872063154);
INSERT INTO `reservedata` VALUES (209, '南阳恐龙蛋化石群', '豫15', 33.228047897, 111.680195714);
INSERT INTO `reservedata` VALUES (210, '阳明山', '湘71', 26.0067028558999, 111.692173182);
INSERT INTO `reservedata` VALUES (211, '九嶷山', '湘77', 25.3774269898083, 112.0376309291214);
INSERT INTO `reservedata` VALUES (212, '伏牛山', '豫14', 33.8765299992999, 111.761459157);
INSERT INTO `reservedata` VALUES (213, '宝天曼', '豫18', 32.9976943946, 111.795744458);
INSERT INTO `reservedata` VALUES (214, '芦芽山', '晋34', 38.7766157812, 111.883330674);
INSERT INTO `reservedata` VALUES (215, '历山', '晋29', 35.39799388, 111.939185409999);
INSERT INTO `reservedata` VALUES (216, '西洞庭湖', '湘30', 28.90361505987462, 112.2412017225285);
INSERT INTO `reservedata` VALUES (217, '灵空山', '晋12', 36.593059016862, 112.088549980854);
INSERT INTO `reservedata` VALUES (218, '鼎湖山', '粤134', 23.2181623198, 112.446050396);
INSERT INTO `reservedata` VALUES (219, '阳城莽河猕猴', '晋14', 35.3825413018999, 112.449650160999);
INSERT INTO `reservedata` VALUES (220, '太行山猕猴', '豫33', 35.2232063197999, 112.497969213);
INSERT INTO `reservedata` VALUES (221, '石首麋鹿', '鄂48', 29.8005805878856, 112.548920004602);
INSERT INTO `reservedata` VALUES (222, '长江天鹅洲白鱀豚', '鄂49', 29.8602239288, 112.588835312);
INSERT INTO `reservedata` VALUES (223, '南岳衡山', '湘07', 27.3089441177, 112.709138384);
INSERT INTO `reservedata` VALUES (224, '莽山', '湘52', 24.9774435695, 112.883439859);
INSERT INTO `reservedata` VALUES (225, '南岭', '粤31', 24.6924476874, 112.995336026);
INSERT INTO `reservedata` VALUES (226, '东洞庭湖', '湘24', 29.3213861676, 113.007282880999);
INSERT INTO `reservedata` VALUES (227, '石门台', '粤344', 24.4433230351, 113.311152965);
INSERT INTO `reservedata` VALUES (228, '罗坑鳄蜥', '粤12', 24.51869015435131, 113.3659913077588);
INSERT INTO `reservedata` VALUES (229, '洪湖', '鄂50', 29.85344628167017, 113.3012116495373);
INSERT INTO `reservedata` VALUES (230, '八面山', '湘55', 25.9522260552, 113.677916002);
INSERT INTO `reservedata` VALUES (231, '长江新螺段白鱀豚', '鄂51', 29.9314493647, 113.707573983);
INSERT INTO `reservedata` VALUES (232, '珠江口中华白海豚', '粤51', 22.2576478261, 113.730479423999);
INSERT INTO `reservedata` VALUES (233, '丹霞山', '粤20', 25.0262031177, 113.736718517);
INSERT INTO `reservedata` VALUES (234, '南河', '鄂33', 32.15414375837927, 111.4773326055144);
INSERT INTO `reservedata` VALUES (235, '驼梁', '冀04', 38.7226227247, 113.799412835);
INSERT INTO `reservedata` VALUES (236, '内伶仃岛－福田', '粤45', 22.408550209, 113.809113924);
INSERT INTO `reservedata` VALUES (237, '青崖寨', '冀10', 36.9614040693999, 113.820744590999);
INSERT INTO `reservedata` VALUES (238, '炎陵桃源洞', '湘05', 26.5123546885999, 113.953167737);
INSERT INTO `reservedata` VALUES (239, '齐云山', '赣75', 25.8856047702, 114.005525723999);
INSERT INTO `reservedata` VALUES (240, '鸡公山', '豫23', 31.8162695689, 114.071075268);
INSERT INTO `reservedata` VALUES (241, '井冈山', '赣130', 26.5170446929, 114.137141836);
INSERT INTO `reservedata` VALUES (242, '董寨', '豫26', 31.8507994138999, 114.231509084);
INSERT INTO `reservedata` VALUES (243, '车八岭', '粤15', 24.7609749842, 114.269642164);
INSERT INTO `reservedata` VALUES (244, '象头山', '粤170', 23.2956123883999, 114.361756781);
INSERT INTO `reservedata` VALUES (245, '呼伦湖', '蒙115', 48.9626472120645, 117.4430524587431);
INSERT INTO `reservedata` VALUES (246, '九连山', '赣84', 24.5687689051, 114.458741352);
INSERT INTO `reservedata` VALUES (247, '九宫山', '鄂60', 29.40632872, 114.569942416999);
INSERT INTO `reservedata` VALUES (248, '官山', '赣148', 28.5540152754, 114.5871884);
INSERT INTO `reservedata` VALUES (249, '河南大别山', '豫29', 31.73530430934295, 115.5611814701102);
INSERT INTO `reservedata` VALUES (250, '泥河湾', '冀19', 40.2145055853999, 114.666487743999);
INSERT INTO `reservedata` VALUES (251, '大通北川河源区', '青01', 37.27257740025305, 101.130343366838);
INSERT INTO `reservedata` VALUES (252, '连康山', '豫27', 31.6107425034, 114.846485573);
INSERT INTO `reservedata` VALUES (253, '惠东港口海龟', '粤174', 22.5477565921, 114.888243522);
INSERT INTO `reservedata` VALUES (254, '小五台山', '冀20', 40.0210235286999, 115.055569457999);
INSERT INTO `reservedata` VALUES (255, '百花山', '京01', 39.8378496432, 115.582015566);
INSERT INTO `reservedata` VALUES (256, '衡水湖', '冀44', 37.6455242149, 115.65165536);
INSERT INTO `reservedata` VALUES (257, '赣江源', '赣98', 26.014318, 116.308644);
INSERT INTO `reservedata` VALUES (258, '金寨天马', '皖94', 31.1698835272, 115.772096868);
INSERT INTO `reservedata` VALUES (259, '大别山', '鄂55', 31.10219003911, 115.776079901716);
INSERT INTO `reservedata` VALUES (260, '大海陀', '冀21', 40.5786766166286, 115.782167675854);
INSERT INTO `reservedata` VALUES (261, '鄱阳湖候鸟', '赣36', 29.1501423569, 115.971533097999);
INSERT INTO `reservedata` VALUES (262, '庐山', '赣27', 29.55838519367289, 115.988911063732);
INSERT INTO `reservedata` VALUES (263, '鹞落坪', '皖11', 30.9864613971, 116.076482402);
INSERT INTO `reservedata` VALUES (264, '龙感湖', '鄂56', 29.9980456971999, 116.136846021);
INSERT INTO `reservedata` VALUES (265, '梁野山', '闽60', 25.1269095484999, 116.147852734);
INSERT INTO `reservedata` VALUES (266, '锡林郭勒草原', '蒙163', 43.6490032947, 116.186314471);
INSERT INTO `reservedata` VALUES (267, '鄱阳湖南矶湿地', '赣08', 28.9027675182, 116.262050593);
INSERT INTO `reservedata` VALUES (268, '汀江源', '闽58', 25.98748506887368, 116.4125539725658);
INSERT INTO `reservedata` VALUES (269, '桃红岭梅花鹿', '赣60', 29.8488547275999, 116.608899847);
INSERT INTO `reservedata` VALUES (270, '达里诺尔', '蒙27', 43.4012722943, 116.674746311);
INSERT INTO `reservedata` VALUES (271, '梅花山', '闽59', 25.3263368502, 116.837018275999);
INSERT INTO `reservedata` VALUES (272, '君子峰', '闽15', 26.5222051422, 116.886234517);
INSERT INTO `reservedata` VALUES (273, '闽江源', '闽25', 26.770348164, 116.937216819);
INSERT INTO `reservedata` VALUES (274, '升金湖', '皖98', 30.3953592619, 117.056173481);
INSERT INTO `reservedata` VALUES (275, '古牛绛', '皖45', 30.051075, 117.524983);
INSERT INTO `reservedata` VALUES (276, '白音敖包', '蒙25', 43.5311499036999, 117.235345639);
INSERT INTO `reservedata` VALUES (277, '南澎列岛', '粤67', 23.2568010496, 117.287039641);
INSERT INTO `reservedata` VALUES (278, '阳际峰', '赣69', 28.1895483547999, 117.35110557);
INSERT INTO `reservedata` VALUES (279, '虎伯寮', '闽38', 24.4901054309, 117.360011422);
INSERT INTO `reservedata` VALUES (280, '龙栖山', '闽22', 26.51029852494515, 117.3836836297396);
INSERT INTO `reservedata` VALUES (281, '塞罕坝', '冀33', 42.3214380108, 117.490122908);
INSERT INTO `reservedata` VALUES (282, '天宝岩', '闽26', 25.8892672827999, 117.496140505);
INSERT INTO `reservedata` VALUES (283, '蓟县中、上元古界地层剖面', '津07', 40.2195244489, 117.519962371999);
INSERT INTO `reservedata` VALUES (284, '古海岸与湿地', '津04', 39.3006621425, 117.558347647999);
INSERT INTO `reservedata` VALUES (285, '八仙山', '津06', 40.1928909299999, 117.565619697);
INSERT INTO `reservedata` VALUES (286, '围场红松洼', '冀34', 42.5222019105, 117.657390017);
INSERT INTO `reservedata` VALUES (287, '铜陵淡水豚', '皖07', 30.7791682119, 117.657503191999);
INSERT INTO `reservedata` VALUES (288, '滦河上游', '冀32', 42.0274962856, 117.666659526);
INSERT INTO `reservedata` VALUES (289, '福建武夷山', '闽55', 27.6725879520999, 117.768762421);
INSERT INTO `reservedata` VALUES (290, '江西武夷山', '赣184', 27.9992049555, 117.799771584);
INSERT INTO `reservedata` VALUES (291, '漳江口红树林', '闽32', 24.3900196019999, 117.932421452);
INSERT INTO `reservedata` VALUES (292, '滨州贝壳堤岛与湿地', '鲁82', 38.1779084852, 118.005949817);
INSERT INTO `reservedata` VALUES (293, '厦门珍稀海洋物种', '闽10', 24.4266008112999, 118.062954825);
INSERT INTO `reservedata` VALUES (294, '古田山', '浙27', 29.2392323931, 118.112864314);
INSERT INTO `reservedata` VALUES (295, '茫荡山', '闽47', 26.6931706843513, 118.128349551022);
INSERT INTO `reservedata` VALUES (296, '茅荆坝', '冀27', 41.5635730476, 118.132160224);
INSERT INTO `reservedata` VALUES (297, '戴云山', '闽30', 25.6596451087999, 118.168516647999);
INSERT INTO `reservedata` VALUES (298, '铜钹山', '赣182', 28.24669053463277, 118.2737476536929);
INSERT INTO `reservedata` VALUES (299, '古日格斯台', '蒙171', 44.4168464374999, 118.295444364);
INSERT INTO `reservedata` VALUES (300, '泗洪洪泽湖湿地', '苏30', 33.261224994, 118.369084051);
INSERT INTO `reservedata` VALUES (301, '黑里河', '蒙37', 41.5735359042, 118.400445722);
INSERT INTO `reservedata` VALUES (302, '赛罕乌拉', '蒙23', 44.2536760002, 118.641260841999);
INSERT INTO `reservedata` VALUES (303, '深沪湾海底古森林遗迹', '闽31', 24.6315914063, 118.651370244);
INSERT INTO `reservedata` VALUES (304, '雄江黄楮林', '闽04', 26.3074243487, 118.699384223);
INSERT INTO `reservedata` VALUES (305, '安徽清凉峰', '皖104', 30.1080550782, 118.699772245);
INSERT INTO `reservedata` VALUES (306, '山旺古生物化石', '鲁40', 36.5587449988, 118.730246597);
INSERT INTO `reservedata` VALUES (307, '乌兰坝', '蒙21', 44.4618109420688, 118.731269326329);
INSERT INTO `reservedata` VALUES (308, '安徽扬子鳄', '皖101', 30.9073127652999, 118.774269121);
INSERT INTO `reservedata` VALUES (309, '临安清凉峰', '浙02', 30.1080810800462, 118.907249528468);
INSERT INTO `reservedata` VALUES (310, '黄河三角洲', '鲁15', 37.8341547554, 119.040736047);
INSERT INTO `reservedata` VALUES (311, '青龙河', '辽93', 40.8019709503115, 119.081095049869);
INSERT INTO `reservedata` VALUES (312, '辉河', '蒙105', 48.8130229512999, 119.165247588);
INSERT INTO `reservedata` VALUES (313, '凤阳山－百山祖', '浙33', 27.7339684640999, 119.188147208999);
INSERT INTO `reservedata` VALUES (314, '元宝山', '桂12', 25.39210387597491, 109.1814376132621);
INSERT INTO `reservedata` VALUES (315, '昌黎黄金海岸', '冀08', 39.6848835958999, 119.334648318);
INSERT INTO `reservedata` VALUES (316, '闽江河口湿地', '闽08', 26.07643, 119.530075);
INSERT INTO `reservedata` VALUES (317, '浙江天目山', '浙03', 30.3133739318, 119.451121011);
INSERT INTO `reservedata` VALUES (318, '柳江盆地地质遗迹', '冀09', 40.0471319271999, 119.555505272999);
INSERT INTO `reservedata` VALUES (319, '乌岩岭', '浙11', 27.7030021883, 119.670688553);
INSERT INTO `reservedata` VALUES (320, '高格斯台罕乌拉', '蒙17', 44.7956641098, 119.703617523999);
INSERT INTO `reservedata` VALUES (321, '长兴地质遗迹', '浙16', 31.0773481053999, 119.711912105);
INSERT INTO `reservedata` VALUES (322, '白狼山', '辽99', 40.8115213219, 119.914536993);
INSERT INTO `reservedata` VALUES (323, '红花尔基樟子松林', '蒙104', 48.2721821569, 120.011498336);
INSERT INTO `reservedata` VALUES (324, '盐城湿地珍禽', '苏21', 33.63913298192425, 120.5867628072886);
INSERT INTO `reservedata` VALUES (325, '努鲁儿虎山', '辽84', 41.8953914161999, 120.309691519);
INSERT INTO `reservedata` VALUES (326, '马山', '鲁09', 36.4068538527, 120.375273056);
INSERT INTO `reservedata` VALUES (327, '大黑山', '蒙39', 42.2364011402, 120.376711063);
INSERT INTO `reservedata` VALUES (328, '大盘山', '浙22', 28.9609862219999, 120.494367649);
INSERT INTO `reservedata` VALUES (329, '长岛', '鲁25', 37.9272268057, 120.745096323);
INSERT INTO `reservedata` VALUES (330, '额尔古纳', '蒙119', 52.2708494172999, 120.751814833);
INSERT INTO `reservedata` VALUES (331, '北票鸟化石', '辽92', 41.6228562618999, 120.801332035);
INSERT INTO `reservedata` VALUES (332, '大丰麋鹿', '苏22', 32.9890553273, 120.81880939);
INSERT INTO `reservedata` VALUES (333, '南麂列岛', '浙09', 27.4905692989594, 121.091649882097);
INSERT INTO `reservedata` VALUES (334, '大连斑海豹', '辽10', 39.1530683694999, 121.165770323);
INSERT INTO `reservedata` VALUES (335, '蛇岛老铁山', '辽11', 38.8019222288972, 121.226271315899);
INSERT INTO `reservedata` VALUES (336, '医巫闾山', '辽56', 41.4865554256, 121.608135871);
INSERT INTO `reservedata` VALUES (337, '昆嵛山', '鲁20', 37.3004623723999, 121.745014936999);
INSERT INTO `reservedata` VALUES (338, '科尔沁', '蒙155', 45.0700519355999, 121.797378253999);
INSERT INTO `reservedata` VALUES (339, '海棠山', '辽60', 41.939370502, 121.838051394);
INSERT INTO `reservedata` VALUES (340, '崇明东滩鸟类', '沪03', 31.5152400668, 121.933982865999);
INSERT INTO `reservedata` VALUES (341, '九段沙湿地', '沪01', 31.2008520868999, 121.962504433);
INSERT INTO `reservedata` VALUES (342, '成山头海滨地貌', '辽12', 39.1549845522366, 122.166231215425);
INSERT INTO `reservedata` VALUES (343, '大青沟', '蒙52', 42.7787744309, 122.194063739);
INSERT INTO `reservedata` VALUES (344, '象山韭山列岛', '浙08', 29.4203226194, 122.197367615999);
INSERT INTO `reservedata` VALUES (345, '章古台', '辽63', 42.6961379416, 122.223508397);
INSERT INTO `reservedata` VALUES (346, '阿鲁科尔沁', '蒙16', 43.94318749538469, 120.4682212287308);
INSERT INTO `reservedata` VALUES (347, '罕山', '蒙73', 45.16422259995527, 119.8413461805146);
INSERT INTO `reservedata` VALUES (348, '大兴安岭汗马', '蒙124', 51.6508346213, 122.401163989);
INSERT INTO `reservedata` VALUES (349, '向海', '吉37', 45.02759022, 122.526421402);
INSERT INTO `reservedata` VALUES (350, '荣成大天鹅', '鲁56', 37.3590866492999, 122.586966395);
INSERT INTO `reservedata` VALUES (351, '辽河口', '辽69', 40.96406088376277, 121.8569865456248);
INSERT INTO `reservedata` VALUES (352, '图牧吉', '蒙159', 46.2925341971999, 123.023621447);
INSERT INTO `reservedata` VALUES (353, '呼中', '黑226', 51.5812353099999, 123.112886008);
INSERT INTO `reservedata` VALUES (354, '丹东鸭绿江口湿地', '辽46', 39.8836008245753, 123.634139704957);
INSERT INTO `reservedata` VALUES (355, '莫莫格', '吉35', 45.9127515384, 123.642185115);
INSERT INTO `reservedata` VALUES (356, '大布苏', '吉33', 44.7912833242, 123.674866077999);
INSERT INTO `reservedata` VALUES (357, '毕拉河', '蒙100', 49.27567124285828, 123.7314316256345);
INSERT INTO `reservedata` VALUES (358, '虹螺山', '辽95', 40.93433225233235, 120.706670651312);
INSERT INTO `reservedata` VALUES (359, '南瓮河', '黑230', 51.34300644715744, 124.6242687886298);
INSERT INTO `reservedata` VALUES (360, '扎龙', '黑32', 47.1970811692999, 124.243583638);
INSERT INTO `reservedata` VALUES (361, '查干湖', '吉30', 45.2582973881999, 124.385053103999);
INSERT INTO `reservedata` VALUES (362, '乌裕尔河', '黑43', 47.63149562059038, 124.508824792921);
INSERT INTO `reservedata` VALUES (363, '多布库尔', '黑229', 50.4854200815, 124.646562605);
INSERT INTO `reservedata` VALUES (364, '白石砬子', '辽41', 40.8885476824999, 124.781586077);
INSERT INTO `reservedata` VALUES (365, '波罗湖', '吉01', 44.3819026867, 124.806872134);
INSERT INTO `reservedata` VALUES (366, '桓仁老秃顶子', '辽39', 41.3192711975, 124.871983599999);
INSERT INTO `reservedata` VALUES (367, '伊通火山群', '吉10', 43.3145382391999, 125.130734408);
INSERT INTO `reservedata` VALUES (368, '中央站黑嘴松鸡', '黑174', 49.76362032317138, 125.2848590553036);
INSERT INTO `reservedata` VALUES (369, '明水', '黑207', 47.0755264035699, 125.3215179985487);
INSERT INTO `reservedata` VALUES (370, '集安', '吉21', 41.27837993788544, 126.1296816872099);
INSERT INTO `reservedata` VALUES (371, '绰纳河', '黑222', 51.7861814139999, 126.134865523);
INSERT INTO `reservedata` VALUES (372, '五大连池', '黑192', 48.7376131752, 126.213338828999);
INSERT INTO `reservedata` VALUES (373, '四平山门中生代火山', '吉08', 43.04455328288992, 124.4722628143403);
INSERT INTO `reservedata` VALUES (374, '龙湾', '吉16', 42.3480510321, 126.425356077999);
INSERT INTO `reservedata` VALUES (375, '白山原麝', '吉22', 41.64526038202799, 126.5692176128142);
INSERT INTO `reservedata` VALUES (376, '哈泥', '吉18', 42.2239473984, 126.44074729);
INSERT INTO `reservedata` VALUES (377, '靖宇', '吉27', 42.2679432812999, 126.621061689);
INSERT INTO `reservedata` VALUES (378, '松花江三湖', '吉03', 43.5806638307999, 127.120976526);
INSERT INTO `reservedata` VALUES (379, '黑龙江大峡谷', '黑29', 44.7668062299488, 127.484513273449);
INSERT INTO `reservedata` VALUES (380, '鸭绿江上游', '吉28', 41.5793739869, 127.64769142);
INSERT INTO `reservedata` VALUES (381, '胜山', '黑167', 49.5228908932, 127.706953889);
INSERT INTO `reservedata` VALUES (382, '老爷岭东北虎', '黑145', 43.55869077906313, 131.0579184793189);
INSERT INTO `reservedata` VALUES (383, '黄泥河', '吉39', 44.0315451556, 128.055084994);
INSERT INTO `reservedata` VALUES (384, '大沾河湿地', '黑188', 48.1451709619, 128.072299511);
INSERT INTO `reservedata` VALUES (385, '长白山', '吉50', 42.1305823573, 128.293628882);
INSERT INTO `reservedata` VALUES (386, '雁鸣湖', '吉41', 43.6970832254, 128.592773819);
INSERT INTO `reservedata` VALUES (387, '小北湖', '黑160', 44.0899428968999, 128.733784407999);
INSERT INTO `reservedata` VALUES (388, '友好', '黑99', 47.8601424766999, 128.799084932999);
INSERT INTO `reservedata` VALUES (389, '凉水', '黑109', 47.0360179254999, 129.033778737);
INSERT INTO `reservedata` VALUES (390, '丰林', '黑103', 48.1155476062, 129.250542649);
INSERT INTO `reservedata` VALUES (391, '红星湿地', '黑112', 48.2349833059999, 129.388726125);
INSERT INTO `reservedata` VALUES (392, '乌伊岭', '黑110', 48.5999226201999, 129.428802445);
INSERT INTO `reservedata` VALUES (393, '天佛指山', '吉43', 42.5390998988, 129.559570530999);
INSERT INTO `reservedata` VALUES (394, '新青白头鹤', '黑101', 48.3365099904999, 129.581137396);
INSERT INTO `reservedata` VALUES (395, '牡丹峰', '黑146', 44.4857967119, 129.726437327);
INSERT INTO `reservedata` VALUES (396, '汪清', '吉48', 43.233671, 130.682514);
INSERT INTO `reservedata` VALUES (397, '茅兰沟', '黑116', 49.09353283132809, 129.7560906921112);
INSERT INTO `reservedata` VALUES (398, '穆棱东北红豆杉', '黑162', 43.9994288512, 130.108026378);
INSERT INTO `reservedata` VALUES (399, '珲春东北虎', '吉42', 42.6708538835, 130.358407386);
INSERT INTO `reservedata` VALUES (400, '兴凯湖', '黑61', 45.3510291025, 132.323547864999);
INSERT INTO `reservedata` VALUES (401, '宝清七星河', '黑76', 46.7641825864999, 132.375639339);
INSERT INTO `reservedata` VALUES (402, '三环泡', '黑140', 46.82418047770939, 132.2605126442868);
INSERT INTO `reservedata` VALUES (403, '东方红湿地', '黑56', 46.3877353982, 133.564364977);
INSERT INTO `reservedata` VALUES (404, '洪河', '黑133', 47.7811271662, 133.674392675);
INSERT INTO `reservedata` VALUES (405, '珍宝岛湿地', '黑59', 46.1329369607, 133.675844501999);
INSERT INTO `reservedata` VALUES (406, '太平沟', '黑63', 47.7800708110889, 133.679849793334);
INSERT INTO `reservedata` VALUES (407, '八岔岛', '黑132', 48.2168587207, 133.811864205);
INSERT INTO `reservedata` VALUES (408, '饶河东北黑蜂', '黑79', 47.0824016828999, 133.814092896);
INSERT INTO `reservedata` VALUES (409, '挠力河', '黑139', 47.2888662467999, 134.059344704);
INSERT INTO `reservedata` VALUES (410, '三江', '黑131', 48.3142026128, 134.722326111);
INSERT INTO `reservedata` VALUES (411, '甘肃祁连山', '甘13', 39.1952538916999, 98.54693991);
INSERT INTO `reservedata` VALUES (412, '云南大围山', '滇103', 22.9142736485999, 103.669955782);
INSERT INTO `reservedata` VALUES (413, '甘肃莲花山', '甘51', 34.9469305376999, 103.751690199);
INSERT INTO `reservedata` VALUES (414, '宁夏贺兰山', '宁01', 38.6074752934, 106.0333873);
INSERT INTO `reservedata` VALUES (415, '宁夏罗山', '宁04', 37.3059462022999, 106.292069993);
INSERT INTO `reservedata` VALUES (416, '陕西米仓山', '陕33', 32.6148287444, 106.475472475999);
INSERT INTO `reservedata` VALUES (417, '湖南舜皇山', '湘20', 26.4122892711, 110.947047236);
INSERT INTO `reservedata` VALUES (418, '内蒙古大青山', '蒙01', 40.8318238745, 111.008463127);
INSERT INTO `reservedata` VALUES (419, '河南黄河湿地', '豫11', 34.8165873338, 112.773024078);
INSERT INTO `reservedata` VALUES (420, '九岭山', '赣151', 29.0285327761999, 115.250696117999);
INSERT INTO `reservedata` VALUES (421, '松山', '京13', 40.4981652385, 115.818620315999);
INSERT INTO `reservedata` VALUES (422, '江西马头山', '赣176', 27.7584109069, 117.175691466);
INSERT INTO `reservedata` VALUES (423, '河北雾灵山', '冀23', 40.5980314225, 117.485381198);
INSERT INTO `reservedata` VALUES (424, '浙江九龙山', '浙32', 28.3497123546999, 118.889799731);
INSERT INTO `reservedata` VALUES (425, '辽宁大黑山', '辽82', 42.2364011402, 120.376711063);
INSERT INTO `reservedata` VALUES (426, '辽宁仙人洞', '辽18', 40.0164111671, 122.960097774999);
INSERT INTO `reservedata` VALUES (427, '黑龙江双河', '黑236', 52.4126206464, 125.48078614);
INSERT INTO `reservedata` VALUES (428, '黑龙江凤凰山', '黑54', 45.0711182750999, 131.209780661999);

-- ----------------------------
-- Table structure for user
-- ----------------------------
DROP TABLE IF EXISTS `user`;
CREATE TABLE `user`  (
  `id` int(0) NOT NULL AUTO_INCREMENT,
  `username` varchar(255) CHARACTER SET utf8mb4 COLLATE utf8mb4_0900_ai_ci NOT NULL,
  `password` varchar(255) CHARACTER SET utf8mb4 COLLATE utf8mb4_0900_ai_ci NOT NULL,
  `introduction` varchar(255) CHARACTER SET utf8mb4 COLLATE utf8mb4_0900_ai_ci NULL DEFAULT NULL,
  PRIMARY KEY (`id`) USING BTREE
) ENGINE = InnoDB AUTO_INCREMENT = 10 CHARACTER SET = utf8mb4 COLLATE = utf8mb4_0900_ai_ci ROW_FORMAT = Dynamic;

-- ----------------------------
-- Records of user
-- ----------------------------
INSERT INTO `user` VALUES (1, 'Alice', 'password123', 'administer user');
INSERT INTO `user` VALUES (2, 'Bob', 'password456', 'hahaha');
INSERT INTO `user` VALUES (3, 'Charlie', 'password789', 'nice');
INSERT INTO `user` VALUES (4, 'Diana', 'password012', 'sad');
INSERT INTO `user` VALUES (5, 'Lucy', 'Team A', 'this is me');
INSERT INTO `user` VALUES (6, 'lky', 'cz9966523', '你抓不住我，我是山里灵活的狗');
INSERT INTO `user` VALUES (7, 'mcy', '333333', '我是lqw的叠');
INSERT INTO `user` VALUES (8, 'lqw', '114514', '我是小狗');
INSERT INTO `user` VALUES (9, '大众点评', '123456', '致力于分享热门评论');
INSERT INTO `user` VALUES (10, '华小科', '123456', '是可爱的华小科一枚');
INSERT INTO `user` VALUES (11, '小鲸', '123456', ' (/≧▽≦)/');

SET FOREIGN_KEY_CHECKS = 1;
